Official name of position,internal disk name,internal naming per Disk,Module,flex cable,HubID,PC position phi,PC position Mirror,PC port,PC identifier,PC name,DCDC,DCDC J11/J12,DCDC channel,DCDC name,Filterboard DCS,Filterboard module power,POH board,POH Bundle,POH SN,DOH bundle,DOH QR,DOH A/B,CCU,channel,PP0 Adapter/FED,PP0 Ad.Slot/FED,PP0 Adapter/FEC,PP0 Ad.Slot/FEC,internal POH no,POH fiber color,FED channel,FED position,FED receiver,FED ID,FEC/FED crate,FEC ID,FEC position,mfec,mfecchannel,,,,,,,,
FPix_BpO_D1_BLD1_PNL2_RNG1,HC4-Disk1-Inner,1T,M-Y-H-NG,10017,15,1Ta,1TA,6,PR132,,PB-11,J12,4,,,CI-A 026,P81,1,SN112498/0007,8,30201210004667,A,0x7b,0x10,+z up left 3,1,+z up left 2,2,1,brown-4,7/8,1,t,1287,up center,,9,1,1,BpO,,PortCard Position:,,,,,
FPix_BpO_D1_BLD2_PNL2_RNG1,,2T,M-O-1-22,6077,14,1Ta,1TA,4,PR132,,PB-11,J12,4,,,CI-A 026,P81,2,SN112498/0021,8,30201210004667,A,0x7b,0x10,+z up left 3,2,+z up left 2,2,2,brown-4,31/32,1,b,1287,up center,,9,1,1,,,XYZ-#:,X: disk number 1-3,,,,replace PC 148 with 107
FPix_BpO_D1_BLD3_PNL2_RNG1,,3T,M-J-4-40,10001,13,1Ta,1TA,2,PR132,,PB-11,J12,4,,,CI-A 026,P81,3,SN112498/0022,8,30201210004667,A,0x7b,0x10,+z up left 3,3,+z up left 2,2,3,brown-4,7/8,2,t,1288,up center,,9,1,1,,,,Y: top/bottom,,,,replaced PC 148 with 107
FPix_BpO_D1_BLD4_PNL2_RNG1,,4T,M-Y-N-NA,6084,15,1Tb,1TB,6,PR137,,PB-3,J12,4,,,CI-A 015,P115,5,SN112498/0023,8,30201210004667,B,0x7c,0x10,+z up left 4,1,+z up left 2,2,5,orange-2,3/4,3,t,1289,up center,,9,1,2,,,,Z: position phi (a-d),,Z: position mirror (A-D),,replaced CI-A 056 with CI-A 038
FPix_BpO_D1_BLD5_PNL2_RNG1,,5T,M-O-3-04,6085,14,1Tb,1TB,2,PR137,,PB-3,J12,4,,,CI-A 015,P115,7,SN112498/0025,8,30201210004667,B,0x7c,0x10,+z up left 4,3,+z up left 2,2,7,orange-2,3/4,4,t,1290,up center,,9,1,2,,,,#: Slot number (1-7),,,,
FPix_BpO_D1_BLD6_PNL2_RNG1,,6T,M-O-1-01,6039,15,1Tc,1TC,6,PR133,,PB-20,J12,4,,,CI-A 049,P116,12,SN112498/0020,14,30201210004626,A,0x7e,0x10,+z down left 4,4,+z down left 2,2,8,brown-4,31/32,4,b,1290,up center,,10,1,1,,,,,,,,
FPix_BpO_D1_BLD7_PNL2_RNG1,,7T,M-Y-J-NP,6089,14,1Tc,1TC,4,PR133,,PB-20,J12,4,,,CI-A 049,P116,13,SN112498/0057,14,30201210004626,A,0x7e,0x10,+z down left 4,3,+z down left 2,2,9,brown-4,7/8,5,t,1291,up center,,10,1,1,,,BmI:,-z +x (left),,,,
FPix_BpO_D1_BLD8_PNL2_RNG1,,8T,M-P-1-33,6091,13,1Tc,1TC,2,PR133,,PB-20,J12,4,,,CI-A 049,P116,18,SN112498/0059,14,30201210004626,A,0x7e,0x10,+z down left 4,2,+z down left 2,2,10,brown-4,31/32,5,b,1291,up center,,10,1,1,,,BmO:,-z -x (right),,,,
FPix_BpO_D1_BLD9_PNL2_RNG1,,9T,M-P-2-45,10002,15,1Td,1TD,6,PR136,,PB-26,J12,4,,,CI-A 048,P117,20,SN112498/0042,14,30201210004626,B,0x7d,0x10,+z down left 3,3,+z down left 2,2,12,orange-2,27/28,6,b,1292,up center,,10,1,2,,,BpI:,+z +x (right),,,,
FPix_BpO_D1_BLD10_PNL2_RNG1,,10T,M-Y-M-NJ,6094,14,1Td,1TD,4,PR136,,PB-26,J12,4,,,CI-A 048,P117,21,SN112498/0054,14,30201210004626,B,0x7d,0x10,+z down left 3,2,+z down left 2,2,13,orange-2,3/4,7,t,1293,up center,,10,1,2,,,BpO:,+z -x (left),,,,
FPix_BpO_D1_BLD11_PNL2_RNG1,,11T,M-K-1-29,6099,13,1Td,1TD,2,PR136,,PB-26,J12,4,,,CI-A 048,P117,22,SN112498/0053,14,30201210004626,B,0x7d,0x10,+z down left 3,1,+z down left 2,2,14,orange-2,27/28,7,b,1293,up center,,10,1,2,,,,,,,,
FPix_BpO_D1_BLD1_PNL1_RNG1,,1B,M-Y-H-NQ,6078,12,1Ba,1BA,6,PR025,,PB-11,J11,2,,,CI-A 026,P67,1,SN112498/0007,8,30201210004667,A,0x7b,0x10,+z up left 3,1,+z up left 2,2,1,green-3,5/6,1,t,1287,up center,,9,1,1,,,,,,,,
FPix_BpO_D1_BLD2_PNL1_RNG1,,2B,M-M-4-11,6095,11,1Ba,1BA,4,PR025,,PB-11,J11,2,,,CI-A 026,P67,2,SN112498/0021,8,30201210004667,A,0x7b,0x10,+z up left 3,2,+z up left 2,2,2,green-3,29/30,1,b,1287,up center,,9,1,1,,,POH bundles,"1,2,3,4,5,6,7,12,13,18,19,20,21,22",,,(14 bundles - 12 fibers/bundle - 1.72 POHs/bundle),
FPix_BpO_D1_BLD3_PNL1_RNG1,,3B,M-K-2-44,6047,10,1Ba,1BA,2,PR025,,PB-11,J11,2,,,CI-A 026,P67,3,SN112498/0022,8,30201210004667,A,0x7b,0x10,+z up left 3,3,+z up left 2,2,3,green-3,5/6,2,t,1288,up center,,9,1,1,,,pDOH bundles,"8,14,9,15,10,16",,,(6 bundles - 8 fibers/bundle - 2 DOHs/bundle),
FPix_BpO_D1_BLD4_PNL1_RNG1,,4B,M-I-2-50,6044,13,1Bb,1BB,6,PR037,,PB-3,J11,2,,,CI-A 015,P79,5,SN112498/0023,8,30201210004667,B,0x7c,0x10,+z up left 4,1,+z up left 2,2,5,blue-1,1/2,3,t,1289,up center,,9,1,2,,,tDOH bundle,17,,,(1 bundle - 8 fibers/bundle),
FPix_BpO_D1_BLD5_PNL1_RNG1,,5B,M-J-1-34,6029,12,1Bb,1BB,2,PR037,,PB-3,J11,2,,,CI-A 015,P79,7,SN112498/0025,8,30201210004667,B,0x7c,0x10,+z up left 4,3,+z up left 2,2,7,blue-1,1/2,4,t,1290,up center,,9,1,2,,,,,,,,
FPix_BpO_D1_BLD6_PNL1_RNG1,,6B,M-I-1-08,6043,12,1Bc,1BC,6,PR033,,PB-20,J11,2,,,CI-A 049,P80,12,SN112498/0020,14,30201210004626,A,0x7e,0x10,+z down left 4,4,+z down left 2,2,8,green-3,29/30,4,b,1290,up center,,10,1,1,,,"top faces away from IP - is PNL2,  bottom faces towards IP - is PNL1",,,,,
FPix_BpO_D1_BLD7_PNL1_RNG1,,7B,M-Y-T-NJ,6042,11,1Bc,1BC,4,PR033,,PB-20,J11,2,,,CI-A 049,P80,13,SN112498/0057,14,30201210004626,A,0x7e,0x10,+z down left 4,3,+z down left 2,2,9,green-3,5/6,5,t,1291,up center,,10,1,1,,,,,,,,
FPix_BpO_D1_BLD8_PNL1_RNG1,,8B,M-K-1-08,6041,10,1Bc,1BC,2,PR033,,PB-20,J11,2,,,CI-A 049,P80,18,SN112498/0059,14,30201210004626,A,0x7e,0x10,+z down left 4,2,+z down left 2,2,10,green-3,29/30,5,b,1291,up center,,10,1,1,,,"For BmI/BpO, FED positions (POH bundles) 2b(4), 3b(6), 6a(19) contain only outer modules",,,,,
FPix_BpO_D1_BLD9_PNL1_RNG1,,9B,M-K-3-23,6040,12,1Bd,1BD,6,PR036,,PB-26,J11,2,,,CI-A 048,P82,20,SN112498/0042,14,30201210004626,B,0x7d,0x10,+z down left 3,3,+z down left 2,2,12,blue-1,25/26,6,b,1292,up center,,10,1,2,,,"For BmI/BpO, FED positions (POH bundles) 2b(4), 5a(17), 6a(19) contain only outer modules",,,,,
FPix_BpO_D1_BLD10_PNL1_RNG1,,10B,M-K-3-30,10015,11,1Bd,1BD,4,PR036,,PB-26,J11,2,,,CI-A 048,P82,21,SN112498/0054,14,30201210004626,B,0x7d,0x10,+z down left 3,2,+z down left 2,2,13,blue-1,1/2,7,t,1293,up center,,10,1,2,,,BmI = FPix Near -   --> down center crate,,,,,
FPix_BpO_D1_BLD11_PNL1_RNG1,,11B,M-Y-K-NN,10030,10,1Bd,1BD,2,PR036,,PB-26,J11,2,,,CI-A 048,P82,22,SN112498/0053,14,30201210004626,B,0x7d,0x10,+z down left 3,1,+z down left 2,2,14,blue-1,25/26,7,b,1293,up center,,10,1,2,,,BpI = FPix Near +   --> top crate,,,,,
FPix_BpO_D1_BLD1_PNL2_RNG2,HC4-Disk1-Outer,1T,M-N-3-32,6010,9,1Ta,1TA,7,PR132,,PB-11,J12,3,,,CI-A 026,P81,1,SN112498/0007,8,30201210004667,A,0x7b,0x10,+z up left 3,1,+z up left 2,2,1,orange-2,3/4,1,t,1287,up center,,9,1,1,BpO,,BmO = FPix Far -   --> bottom crate,,,,,
FPix_BpO_D1_BLD2_PNL2_RNG2,,2T,M-M-1-38,10059,8,1Ta,1TA,5,PR132,,PB-11,J12,3,,,CI-A 026,P81,2,SN112498/0021,8,30201210004667,A,0x7b,0x10,+z up left 3,2,+z up left 2,2,2,orange-2,27/28,1,b,1287,up center,,9,1,1,,,BpO = FPix Far+ --> up center crate,,,,,
FPix_BpO_D1_BLD3_PNL2_RNG2,,3T,M-I-3-11,10061,7,1Ta,1TA,3,PR132,,PB-11,J12,3,,,CI-A 026,P81,3,SN112498/0022,8,30201210004667,A,0x7b,0x10,+z up left 3,3,+z up left 2,2,3,orange-2,3/4,2,t,1288,up center,,9,1,1,,,,,,,,
FPix_BpO_D1_BLD4_PNL2_RNG2,,4T,M-O-1-16,10053,6,1Ta,1TA,1,PR132,,PB-11,J12,3,,,CI-A 026,P81,4,SN112498/0024,8,30201210004667,A,0x7b,0x10,+z up left 3,4,+z up left 2,2,4,orange-2,27/28,2,b,1288,up center,,9,1,1,,,,,,,,
FPix_BpO_D1_BLD5_PNL2_RNG2,,5T,M-O-3-42,10075,11,1Tb,1TB,7,PR137,,PB-3,J12,3,,,CI-A 015,P115,4,SN112498/0024,8,30201210004667,B,0x7c,0x10,+z up left 3,4,+z up left 2,2,4,brown-4,31/32,2,b,1288,up center,,9,1,2,,,mfec 1 --> bottom (lower mezzanine),,,,,
FPix_BpO_D1_BLD6_PNL2_RNG2,,6T,M-B-2-03,10058,10,1Tb,1TB,5,PR137,,PB-3,J12,3,,,CI-A 015,P115,5,SN112498/0023,8,30201210004667,B,0x7c,0x10,+z up left 4,1,+z up left 2,2,5,brown-4,7/8,3,t,1289,up center,,9,1,2,,,mfec 2 --> down center (lower mezzanine),,,,,
FPix_BpO_D1_BLD7_PNL2_RNG2,,7T,M-Y-D-NB,7005,9,1Tb,1TB,4,PR137,,PB-3,J12,4,,,CI-A 015,P115,6,SN112498/0058,8,30201210004667,B,0x7c,0x10,+z up left 4,2,+z up left 2,2,6,orange-2,27/28,3,b,1289,up center,,9,1,2,,,mfec 3 --> up center (upper mezzanine),,,,,
FPix_BpO_D1_BLD8_PNL2_RNG2,,8T,M-N-3-23,7019,8,1Tb,1TB,3,PR137,,PB-3,J12,3,,,CI-A 015,P115,6,SN112498/0058,8,30201210004667,B,0x7c,0x10,+z up left 4,2,+z up left 2,2,6,brown-4,31/32,3,b,1289,up center,,9,1,2,,,mfec 4 --> top (upper mezzanine),,,,,
FPix_BpO_D1_BLD9_PNL2_RNG2,,9T,M-Y-S-NA,10022,7,1Tb,1TB,1,PR137,,PB-3,J12,3,,,CI-A 015,P115,7,SN112498/0025,8,30201210004667,B,0x7c,0x10,+z up left 4,3,+z up left 2,2,7,brown-4,7/8,4,t,1290,up center,,9,1,2,,,mfecchannel 1 --> lower one (within mezzanine bottom and up center),,,,,
FPix_BpO_D1_BLD10_PNL2_RNG2,,10T,M-N-3-06,10024,9,1Tc,1TC,7,PR133,,PB-20,J12,3,,,CI-A 049,P116,12,SN112498/0020,14,30201210004626,A,0x7e,0x10,+z down left 4,4,+z down left 2,2,8,orange-2,27/28,4,b,1290,up center,,10,1,1,,,mfecchannel 2 --> upper one (within mezzanine down center and top),,,,,
FPix_BpO_D1_BLD11_PNL2_RNG2,,11T,M-Y-J-NL,10077,8,1Tc,1TC,5,PR133,,PB-20,J12,3,,,CI-A 049,P116,13,SN112498/0057,14,30201210004626,A,0x7e,0x10,+z down left 4,3,+z down left 2,2,9,orange-2,3/4,5,t,1291,up center,,10,1,1,,,,,,,,
FPix_BpO_D1_BLD12_PNL2_RNG2,,12T,M-M-3-21,10080,7,1Tc,1TC,3,PR133,,PB-20,J12,3,,,CI-A 049,P116,18,SN112498/0059,14,30201210004626,A,0x7e,0x10,+z down left 4,2,+z down left 2,2,10,orange-2,27/28,5,b,1291,up center,,10,1,1,,,,,,,,
FPix_BpO_D1_BLD13_PNL2_RNG2,,13T,M-Y-F-NM,10041,6,1Tc,1TC,1,PR133,,PB-20,J12,3,,,CI-A 049,P116,19,SN112498/0060,14,30201210004626,A,0x7e,0x10,+z down left 4,1,+z down left 2,2,11,orange-2,3/4,6,t,1292,up center,,10,1,1,,,,,,,,
FPix_BpO_D1_BLD14_PNL2_RNG2,,14T,M-N-3-19,10092,9,1Td,1TD,7,PR136,,PB-26,J12,3,,,CI-A 048,P117,19,SN112498/0060,14,30201210004626,B,0x7d,0x10,+z down left 4,1,+z down left 2,2,11,brown-4,7/8,6,t,1292,up center,,10,1,2,,,,,,,,
FPix_BpO_D1_BLD15_PNL2_RNG2,,15T,M-Y-F-NA,10060,8,1Td,1TD,5,PR136,,PB-26,J12,3,,,CI-A 048,P117,20,SN112498/0042,14,30201210004626,B,0x7d,0x10,+z down left 3,3,+z down left 2,2,12,brown-4,31/32,6,b,1292,up center,,10,1,2,,,,,,,,
FPix_BpO_D1_BLD16_PNL2_RNG2,,16T,M-Y-K-NL,10095,7,1Td,1TD,3,PR136,,PB-26,J12,3,,,CI-A 048,P117,21,SN112498/0054,14,30201210004626,B,0x7d,0x10,+z down left 3,2,+z down left 2,2,13,brown-4,7/8,7,t,1293,up center,,10,1,2,,,,,,,,
FPix_BpO_D1_BLD17_PNL2_RNG2,,17T,M-K-3-43,10074,6,1Td,1TD,1,PR136,,PB-26,J12,3,,,CI-A 048,P117,22,SN112498/0053,14,30201210004626,B,0x7d,0x10,+z down left 3,1,+z down left 2,2,14,brown-4,31/32,7,b,1293,up center,,10,1,2,,,,,,,,
FPix_BpO_D1_BLD1_PNL1_RNG2,,1B,M-N-3-20,10051,5,1Ba,1BA,7,PR025,,PB-11,J11,1,,,CI-A 026,P67,1,SN112498/0007,8,30201210004667,A,0x7b,0x10,+z up left 3,1,+z up left 2,2,1,blue-1,1/2,1,t,1287,up center,,9,1,1,,,,,,,,
FPix_BpO_D1_BLD2_PNL1_RNG2,,2B,M-N-3-35,10067,4,1Ba,1BA,5,PR025,,PB-11,J11,1,,,CI-A 026,P67,2,SN112498/0021,8,30201210004667,A,0x7b,0x10,+z up left 3,2,+z up left 2,2,2,blue-1,25/26,1,b,1287,up center,,9,1,1,,,,,,,,
FPix_BpO_D1_BLD3_PNL1_RNG2,,3B,M-Y-K-NT,10052,3,1Ba,1BA,3,PR025,,PB-11,J11,1,,,CI-A 026,P67,3,SN112498/0022,8,30201210004667,A,0x7b,0x10,+z up left 3,3,+z up left 2,2,3,blue-1,1/2,2,t,1288,up center,,9,1,1,,,,,,,,
FPix_BpO_D1_BLD4_PNL1_RNG2,,4B,M-L-4-27,10063,2,1Ba,1BA,1,PR025,,PB-11,J11,1,,,CI-A 026,P67,4,SN112498/0024,8,30201210004667,A,0x7b,0x10,+z up left 3,4,+z up left 2,2,4,blue-1,25/26,2,b,1288,up center,,9,1,1,,,,,,,,
FPix_BpO_D1_BLD5_PNL1_RNG2,,5B,M-M-4-05,10064,6,1Bb,1BB,7,PR037,,PB-3,J11,1,,,CI-A 015,P79,4,SN112498/0024,8,30201210004667,B,0x7c,0x10,+z up left 3,4,+z up left 2,2,4,green-3,29/30,2,b,1288,up center,,9,1,2,,,,,,,,
FPix_BpO_D1_BLD6_PNL1_RNG2,,6B,M-N-3-29,10040,5,1Bb,1BB,5,PR037,,PB-3,J11,1,,,CI-A 015,P79,5,SN112498/0023,8,30201210004667,B,0x7c,0x10,+z up left 4,1,+z up left 2,2,5,green-3,5/6,3,t,1289,up center,,9,1,2,,,,,,,,
FPix_BpO_D1_BLD7_PNL1_RNG2,,7B,M-Y-B-NP,10037,4,1Bb,1BB,4,PR037,,PB-3,J11,2,,,CI-A 015,P79,6,SN112498/0058,8,30201210004667,B,0x7c,0x10,+z up left 4,2,+z up left 2,2,6,blue-1,25/26,3,b,1289,up center,,9,1,2,,,,,,,,
FPix_BpO_D1_BLD8_PNL1_RNG2,,8B,M-M-2-41,10036,3,1Bb,1BB,3,PR037,,PB-3,J11,1,,,CI-A 015,P79,6,SN112498/0058,8,30201210004667,B,0x7c,0x10,+z up left 4,2,+z up left 2,2,6,green-3,29/30,3,b,1289,up center,,9,1,2,,,,,,,,
FPix_BpO_D1_BLD9_PNL1_RNG2,,9B,M-O-2-07,10032,2,1Bb,1BB,1,PR037,,PB-3,J11,1,,,CI-A 015,P79,7,SN112498/0025,8,30201210004667,B,0x7c,0x10,+z up left 4,3,+z up left 2,2,7,green-3,5/6,4,t,1290,up center,,9,1,2,,,,,,,,
FPix_BpO_D1_BLD10_PNL1_RNG2,,10B,M-Y-A-NJ,7020,5,1Bc,1BC,7,PR033,,PB-20,J11,1,,,CI-A 049,P80,12,SN112498/0020,14,30201210004626,A,0x7e,0x10,+z down left 4,4,+z down left 2,2,8,blue-1,25/26,4,b,1290,up center,,10,1,1,,,,,,,,
FPix_BpO_D1_BLD11_PNL1_RNG2,,11B,M-I-3-47,10025,4,1Bc,1BC,5,PR033,,PB-20,J11,1,,,CI-A 049,P80,13,SN112498/0057,14,30201210004626,A,0x7e,0x10,+z down left 4,3,+z down left 2,2,9,blue-1,1/2,5,t,1291,up center,,10,1,1,,,,,,,,
FPix_BpO_D1_BLD12_PNL1_RNG2,,12B,M-Y-K-NS,7006,3,1Bc,1BC,3,PR033,,PB-20,J11,1,,,CI-A 049,P80,18,SN112498/0059,14,30201210004626,A,0x7e,0x10,+z down left 4,2,+z down left 2,2,10,blue-1,25/26,5,b,1291,up center,,10,1,1,,,,,,,,
FPix_BpO_D1_BLD13_PNL1_RNG2,,13B,M-N-3-28,10021,2,1Bc,1BC,1,PR033,,PB-20,J11,1,,,CI-A 049,P80,19,SN112498/0060,14,30201210004626,A,0x7e,0x10,+z down left 4,1,+z down left 2,2,11,blue-1,1/2,6,t,1292,up center,,10,1,1,,,,,,,,
FPix_BpO_D1_BLD14_PNL1_RNG2,,14B,M-M-1-39,10043,5,1Bd,1BD,7,PR036,,PB-26,J11,1,,,CI-A 048,P82,19,SN112498/0060,14,30201210004626,B,0x7d,0x10,+z down left 4,1,+z down left 2,2,11,green-3,5/6,6,t,1292,up center,,10,1,2,,,,,,,,
FPix_BpO_D1_BLD15_PNL1_RNG2,,15B,M-Y-B-NB,7022,4,1Bd,1BD,5,PR036,,PB-26,J11,1,,,CI-A 048,P82,20,SN112498/0042,14,30201210004626,B,0x7d,0x10,+z down left 3,3,+z down left 2,2,12,green-3,29/30,6,b,1292,up center,,10,1,2,,,,,,,,
FPix_BpO_D1_BLD16_PNL1_RNG2,,16B,M-N-3-49,10013,3,1Bd,1BD,3,PR036,,PB-26,J11,1,,,CI-A 048,P82,21,SN112498/0054,14,30201210004626,B,0x7d,0x10,+z down left 3,2,+z down left 2,2,13,green-3,5/6,7,t,1293,up center,,10,1,2,,,,,,,,
FPix_BpO_D1_BLD17_PNL1_RNG2,,17B,M-M-1-13,7025,2,1Bd,1BD,1,PR036,,PB-26,J11,1,,,CI-A 048,P82,22,SN112498/0053,14,30201210004626,B,0x7d,0x10,+z down left 3,1,+z down left 2,2,14,green-3,29/30,7,b,1293,up center,,10,1,2,,,,,,,,
,,,,,,,,,,,,,,,,,,,,,,,,,,,,,,,,,,,,,,,,,,,,,,,
FPix_BpO_D2_BLD1_PNL2_RNG1,HC4-Disk2-Inner,1T,M-I-1-02,11032,15,2Ta,2TA,6,PR107,,PB-23,J12,4,,,CI-A 038,P41,1,SN112498/0007,9,30201210004613,A,0x7b,0x11,+z up left 3,1,+z up left 2,3,1,black-8,15/16,1,t,1287,up center,,9,2,1,BpO,,,,,,,
FPix_BpO_D2_BLD2_PNL2_RNG1,,2T,M-P-3-48,6100,14,2Ta,2TA,4,PR107,,PB-23,J12,4,,,CI-A 038,P41,2,SN112498/0021,9,30201210004613,A,0x7b,0x11,+z up left 3,2,+z up left 2,3,2,black-8,39/40,1,b,1287,up center,,9,2,1,,,,,,,,
FPix_BpO_D2_BLD3_PNL2_RNG1,,3T,M-P-3-43,11007,13,2Ta,2TA,2,PR107,,PB-23,J12,4,,,CI-A 038,P41,3,SN112498/0022,9,30201210004613,A,0x7b,0x11,+z up left 3,3,+z up left 2,3,3,black-8,15/16,2,t,1288,up center,,9,2,1,,,,,,,,
FPix_BpO_D2_BLD4_PNL2_RNG1,,4T,M-N-3-02,11009,15,2Tb,2TB,6,PR139,,PB-6,J12,4,,,CI-A 011,P106,5,SN112498/0023,9,30201210004613,B,0x7c,0x11,+z up left 4,1,+z up left 2,3,5,white-6,11/12,3,t,1289,up center,,9,2,2,,,,,,,,
FPix_BpO_D2_BLD5_PNL2_RNG1,,5T,M-P-4-08,11018,14,2Tb,2TB,2,PR139,,PB-6,J12,4,,,CI-A 011,P106,7,SN112498/0025,9,30201210004613,B,0x7c,0x11,+z up left 4,3,+z up left 2,3,7,white-6,11/12,4,t,1290,up center,,9,2,2,,,,,,,,
FPix_BpO_D2_BLD6_PNL2_RNG1,,6T,M-P-4-44,6004,15,2Tc,2TC,6,PR146,,PB-45,J12,4,,,CI-A 044,P108,12,SN112498/0020,15,30201210004619,A,0x7e,0x11,+z down left 4,4,+z down left 2,3,8,black-8,39/40,4,b,1290,up center,,10,2,1,,,,,,,,
FPix_BpO_D2_BLD7_PNL2_RNG1,,7T,M-I-4-12,11024,14,2Tc,2TC,4,PR146,,PB-45,J12,4,,,CI-A 044,P108,13,SN112498/0057,15,30201210004619,A,0x7e,0x11,+z down left 4,3,+z down left 2,3,9,black-8,15/16,5,t,1291,up center,,10,2,1,,,,,,,,
FPix_BpO_D2_BLD8_PNL2_RNG1,,8T,M-P-2-42,11048,13,2Tc,2TC,2,PR146,,PB-45,J12,4,,,CI-A 044,P108,18,SN112498/0059,15,30201210004619,A,0x7e,0x11,+z down left 4,2,+z down left 2,3,10,black-8,39/40,5,b,1291,up center,,10,2,1,,,,,,,,
FPix_BpO_D2_BLD9_PNL2_RNG1,,9T,M-P-1-42,11033,15,2Td,2TD,6,PR144,,PB-30,J12,4,,,CI-A 054,P109,20,SN112498/0042,15,30201210004619,B,0x7d,0x11,+z down left 3,3,+z down left 2,3,12,white-6,35/36,6,b,1292,up center,,10,2,2,,,,,,,,
FPix_BpO_D2_BLD10_PNL2_RNG1,,10T,M-P-2-08,11010,14,2Td,2TD,4,PR144,,PB-30,J12,4,,,CI-A 054,P109,21,SN112498/0054,15,30201210004619,B,0x7d,0x11,+z down left 3,2,+z down left 2,3,13,white-6,11/12,7,t,1293,up center,,10,2,2,,,,,,,,
FPix_BpO_D2_BLD11_PNL2_RNG1,,11T,M-P-2-13,11015,13,2Td,2TD,2,PR144,,PB-30,J12,4,,,CI-A 054,P109,22,SN112498/0053,15,30201210004619,B,0x7d,0x11,+z down left 3,1,+z down left 2,3,14,white-6,35/36,7,b,1293,up center,,10,2,2,,,,,,,,
FPix_BpO_D2_BLD1_PNL1_RNG1,,1B,M-P-2-33,11005,12,2Ba,2BA,6,PR048,,PB-23,J11,2,,,CI-A 038,P118,1,SN112498/0007,9,30201210004613,A,0x7b,0x11,+z up left 3,1,+z up left 2,3,1,red-7,13/14,1,t,1287,up center,,9,2,1,,,,,,,,
FPix_BpO_D2_BLD2_PNL1_RNG1,,2B,M-Y-E-NJ,11001,11,2Ba,2BA,4,PR048,,PB-23,J11,2,,,CI-A 038,P118,2,SN112498/0021,9,30201210004613,A,0x7b,0x11,+z up left 3,2,+z up left 2,3,2,red-7,37/38,1,b,1287,up center,,9,2,1,,,,,,,,
FPix_BpO_D2_BLD3_PNL1_RNG1,,3B,M-P-1-09,11034,10,2Ba,2BA,2,PR048,,PB-23,J11,2,,,CI-A 038,P118,3,SN112498/0022,9,30201210004613,A,0x7b,0x11,+z up left 3,3,+z up left 2,3,3,red-7,13/14,2,t,1288,up center,,9,2,1,,,,,,,,
FPix_BpO_D2_BLD4_PNL1_RNG1,,4B,M-P-3-50,6019,13,2Bb,2BB,6,PR039,,PB-6,J11,2,,,CI-A 011,P39,5,SN112498/0023,9,30201210004613,B,0x7c,0x11,+z up left 4,1,+z up left 2,3,5,gray-5,9/10,3,t,1289,up center,,9,2,2,,,,,,,,
FPix_BpO_D2_BLD5_PNL1_RNG1,,5B,M-P-2-44,6003,12,2Bb,2BB,2,PR039,,PB-6,J11,2,,,CI-A 011,P39,7,SN112498/0025,9,30201210004613,B,0x7c,0x11,+z up left 4,3,+z up left 2,3,7,gray-5,9/10,4,t,1290,up center,,9,2,2,,,,,,,,
FPix_BpO_D2_BLD6_PNL1_RNG1,,6B,M-P-3-14,6015,12,2Bc,2BC,6,PR045,,PB-45,J11,2,,,CI-A 044,P42,12,SN112498/0020,15,30201210004619,A,0x7e,0x11,+z down left 4,4,+z down left 2,3,8,red-7,37/38,4,b,1290,up center,,10,2,1,,,,,,,,
FPix_BpO_D2_BLD7_PNL1_RNG1,,7B,M-P-1-43,11036,11,2Bc,2BC,4,PR045,,PB-45,J11,2,,,CI-A 044,P42,13,SN112498/0057,15,30201210004619,A,0x7e,0x11,+z down left 4,3,+z down left 2,3,9,red-7,13/14,5,t,1291,up center,,10,2,1,,,,,,,,
FPix_BpO_D2_BLD8_PNL1_RNG1,,8B,M-I-2-03,6014,10,2Bc,2BC,2,PR045,,PB-45,J11,2,,,CI-A 044,P42,18,SN112498/0059,15,30201210004619,A,0x7e,0x11,+z down left 4,2,+z down left 2,3,10,red-7,37/38,5,b,1291,up center,,10,2,1,,,,,,,,
FPix_BpO_D2_BLD9_PNL1_RNG1,,9B,M-Y-Q-NK,11043,12,2Bd,2BD,6,PR044,,PB-30,J11,2,,,CI-A 054,P40,20,SN112498/0042,15,30201210004619,B,0x7d,0x11,+z down left 3,3,+z down left 2,3,12,gray-5,33/34,6,b,1292,up center,,10,2,2,,,,,,,,
FPix_BpO_D2_BLD10_PNL1_RNG1,,10B,M-I-2-12,6009,11,2Bd,2BD,4,PR044,,PB-30,J11,2,,,CI-A 054,P40,21,SN112498/0054,15,30201210004619,B,0x7d,0x11,+z down left 3,2,+z down left 2,3,13,gray-5,9/10,7,t,1293,up center,,10,2,2,,,,,,,,
FPix_BpO_D2_BLD11_PNL1_RNG1,,11B,M-K-3-17,6008,10,2Bd,2BD,2,PR044,,PB-30,J11,2,,,CI-A 054,P40,22,SN112498/0053,15,30201210004619,B,0x7d,0x11,+z down left 3,1,+z down left 2,3,14,gray-5,33/34,7,b,1293,up center,,10,2,2,,,,,,,,
FPix_BpO_D2_BLD1_PNL2_RNG2,HC4-Disk2-Outer,1T,M-P-1-46,11057,9,2Ta,2TA,7,PR107,,PB-23,J12,3,,,CI-A 038,P41,1,SN112498/0007,9,30201210004613,A,0x7b,0x11,+z up left 3,1,+z up left 2,3,1,white-6,11/12,1,t,1287,up center,,9,2,1,BpO,,,,,,,
FPix_BpO_D2_BLD2_PNL2_RNG2,,2T,M-I-4-33,11022,8,2Ta,2TA,5,PR107,,PB-23,J12,3,,,CI-A 038,P41,2,SN112498/0021,9,30201210004613,A,0x7b,0x11,+z up left 3,2,+z up left 2,3,2,white-6,35/36,1,b,1287,up center,,9,2,1,,,,,,,,
FPix_BpO_D2_BLD3_PNL2_RNG2,,3T,M-P-2-17,11030,7,2Ta,2TA,3,PR107,,PB-23,J12,3,,,CI-A 038,P41,3,SN112498/0022,9,30201210004613,A,0x7b,0x11,+z up left 3,3,+z up left 2,3,3,white-6,11/12,2,t,1288,up center,,9,2,1,,,,,,,,
FPix_BpO_D2_BLD4_PNL2_RNG2,,4T,M-L-3-35,11069,6,2Ta,2TA,1,PR107,,PB-23,J12,3,,,CI-A 038,P41,4,SN112498/0024,9,30201210004613,A,0x7b,0x11,+z up left 3,4,+z up left 2,3,4,white-6,35/36,2,b,1288,up center,,9,2,1,,,,,,,,
FPix_BpO_D2_BLD5_PNL2_RNG2,,5T,M-P-2-43,11008,11,2Tb,2TB,7,PR139,,PB-6,J12,3,,,CI-A 011,P106,4,SN112498/0024,9,30201210004613,B,0x7c,0x11,+z up left 3,4,+z up left 2,3,4,black-8,39/40,2,b,1288,up center,,9,2,2,,,,,,,,
FPix_BpO_D2_BLD6_PNL2_RNG2,,6T,M-Y-S-ND,11066,10,2Tb,2TB,5,PR139,,PB-6,J12,3,,,CI-A 011,P106,5,SN112498/0023,9,30201210004613,B,0x7c,0x11,+z up left 4,1,+z up left 2,3,5,black-8,15/16,3,t,1289,up center,,9,2,2,,,,,,,,
FPix_BpO_D2_BLD7_PNL2_RNG2,,7T,M-O-2-26,11044,9,2Tb,2TB,4,PR139,,PB-6,J12,4,,,CI-A 011,P106,6,SN112498/0058,9,30201210004613,B,0x7c,0x11,+z up left 4,2,+z up left 2,3,6,white-6,35/36,3,b,1289,up center,,9,2,2,,,,,,,,
FPix_BpO_D2_BLD8_PNL2_RNG2,,8T,M-K-3-14,11038,8,2Tb,2TB,3,PR139,,PB-6,J12,3,,,CI-A 011,P106,6,SN112498/0058,9,30201210004613,B,0x7c,0x11,+z up left 4,2,+z up left 2,3,6,black-8,39/40,3,b,1289,up center,,9,2,2,,,,,,,,
FPix_BpO_D2_BLD9_PNL2_RNG2,,9T,M-P-3-42,11051,7,2Tb,2TB,1,PR139,,PB-6,J12,3,,,CI-A 011,P106,7,SN112498/0025,9,30201210004613,B,0x7c,0x11,+z up left 4,3,+z up left 2,3,7,black-8,15/16,4,t,1290,up center,,9,2,2,,,,,,,,
FPix_BpO_D2_BLD10_PNL2_RNG2,,10T,M-P-3-05,10014,9,2Tc,2TC,7,PR146,,PB-45,J12,3,,,CI-A 044,P108,12,SN112498/0020,15,30201210004619,A,0x7e,0x11,+z down left 4,4,+z down left 2,3,8,white-6,35/36,4,b,1290,up center,,10,2,1,,,,,,,,
FPix_BpO_D2_BLD11_PNL2_RNG2,,11T,M-P-3-20,11004,8,2Tc,2TC,5,PR146,,PB-45,J12,3,,,CI-A 044,P108,13,SN112498/0057,15,30201210004619,A,0x7e,0x11,+z down left 4,3,+z down left 2,3,9,white-6,11/12,5,t,1291,up center,,10,2,1,,,,,,,,
FPix_BpO_D2_BLD12_PNL2_RNG2,,12T,M-O-2-49,11072,7,2Tc,2TC,3,PR146,,PB-45,J12,3,,,CI-A 044,P108,18,SN112498/0059,15,30201210004619,A,0x7e,0x11,+z down left 4,2,+z down left 2,3,10,white-6,35/36,5,b,1291,up center,,10,2,1,,,,,,,,
FPix_BpO_D2_BLD13_PNL2_RNG2,,13T,M-I-2-08,11042,6,2Tc,2TC,1,PR146,,PB-45,J12,3,,,CI-A 044,P108,19,SN112498/0060,15,30201210004619,A,0x7e,0x11,+z down left 4,1,+z down left 2,3,11,white-6,11/12,6,t,1292,up center,,10,2,1,,,,,,,,
FPix_BpO_D2_BLD14_PNL2_RNG2,,14T,M-P-1-34,11017,9,2Td,2TD,7,PR144,,PB-30,J12,3,,,CI-A 054,P109,19,SN112498/0060,15,30201210004619,B,0x7d,0x11,+z down left 4,1,+z down left 2,3,11,black-8,15/16,6,t,1292,up center,,10,2,2,,,,,,,,
FPix_BpO_D2_BLD15_PNL2_RNG2,,15T,M-P-2-49,10011,8,2Td,2TD,5,PR144,,PB-30,J12,3,,,CI-A 054,P109,20,SN112498/0042,15,30201210004619,B,0x7d,0x11,+z down left 3,3,+z down left 2,3,12,black-8,39/40,6,b,1292,up center,,10,2,2,,,,,,,,
FPix_BpO_D2_BLD16_PNL2_RNG2,,16T,M-P-2-14,11035,7,2Td,2TD,3,PR144,,PB-30,J12,3,,,CI-A 054,P109,21,SN112498/0054,15,30201210004619,B,0x7d,0x11,+z down left 3,2,+z down left 2,3,13,black-8,15/16,7,t,1293,up center,,10,2,2,,,,,,,,
FPix_BpO_D2_BLD17_PNL2_RNG2,,17T,M-C-6-34,11012,6,2Td,2TD,1,PR144,,PB-30,J12,3,,,CI-A 054,P109,22,SN112498/0053,15,30201210004619,B,0x7d,0x11,+z down left 3,1,+z down left 2,3,14,black-8,39/40,7,b,1293,up center,,10,2,2,,,,,,,,
FPix_BpO_D2_BLD1_PNL1_RNG2,,1B,M-P-3-32,11049,5,2Ba,2BA,7,PR048,,PB-23,J11,1,,,CI-A 038,P118,1,SN112498/0007,9,30201210004613,A,0x7b,0x11,+z up left 3,1,+z up left 2,3,1,gray-5,9/10,1,t,1287,up center,,9,2,1,,,,,,,,
FPix_BpO_D2_BLD2_PNL1_RNG2,,2B,M-Y-B-NA,11013,4,2Ba,2BA,5,PR048,,PB-23,J11,1,,,CI-A 038,P118,2,SN112498/0021,9,30201210004613,A,0x7b,0x11,+z up left 3,2,+z up left 2,3,2,gray-5,33/34,1,b,1287,up center,,9,2,1,,,,,,,,
FPix_BpO_D2_BLD3_PNL1_RNG2,,3B,M-I-4-48,11006,3,2Ba,2BA,3,PR048,,PB-23,J11,1,,,CI-A 038,P118,3,SN112498/0022,9,30201210004613,A,0x7b,0x11,+z up left 3,3,+z up left 2,3,3,gray-5,9/10,2,t,1288,up center,,9,2,1,,,,,,,,
FPix_BpO_D2_BLD4_PNL1_RNG2,,4B,M-O-2-04,11020,2,2Ba,2BA,1,PR048,,PB-23,J11,1,,,CI-A 038,P118,4,SN112498/0024,9,30201210004613,A,0x7b,0x11,+z up left 3,4,+z up left 2,3,4,gray-5,33/34,2,b,1288,up center,,9,2,1,,,,,,,,
FPix_BpO_D2_BLD5_PNL1_RNG2,,5B,M-P-3-23,10010,6,2Bb,2BB,7,PR039,,PB-6,J11,1,,,CI-A 011,P39,4,SN112498/0024,9,30201210004613,B,0x7c,0x11,+z up left 3,4,+z up left 2,3,4,red-7,37/38,2,b,1288,up center,,9,2,2,,,,,,,,
FPix_BpO_D2_BLD6_PNL1_RNG2,,6B,M-P-2-34,11025,5,2Bb,2BB,5,PR039,,PB-6,J11,1,,,CI-A 011,P39,5,SN112498/0023,9,30201210004613,B,0x7c,0x11,+z up left 4,1,+z up left 2,3,5,red-7,13/14,3,t,1289,up center,,9,2,2,,,,,,,,
FPix_BpO_D2_BLD7_PNL1_RNG2,,7B,M-P-1-14,10018,4,2Bb,2BB,4,PR039,,PB-6,J11,2,,,CI-A 011,P39,6,SN112498/0058,9,30201210004613,B,0x7c,0x11,+z up left 4,2,+z up left 2,3,6,gray-5,33/34,3,b,1289,up center,,9,2,2,,,,,,,,
FPix_BpO_D2_BLD8_PNL1_RNG2,,8B,M-H-1-28,10004,3,2Bb,2BB,3,PR039,,PB-6,J11,1,,,CI-A 011,P39,6,SN112498/0058,9,30201210004613,B,0x7c,0x11,+z up left 4,2,+z up left 2,3,6,red-7,37/38,3,b,1289,up center,,9,2,2,,,,,,,,
FPix_BpO_D2_BLD9_PNL1_RNG2,,9B,M-I-4-29,11014,2,2Bb,2BB,1,PR039,,PB-6,J11,1,,,CI-A 011,P39,7,SN112498/0025,9,30201210004613,B,0x7c,0x11,+z up left 4,3,+z up left 2,3,7,red-7,13/14,4,t,1290,up center,,9,2,2,,,,,,,,
FPix_BpO_D2_BLD10_PNL1_RNG2,,10B,M-P-1-48,11037,5,2Bc,2BC,7,PR045,,PB-45,J11,1,,,CI-A 044,P42,12,SN112498/0020,15,30201210004619,A,0x7e,0x11,+z down left 4,4,+z down left 2,3,8,gray-5,33/34,4,b,1290,up center,,10,2,1,,,,,,,,
FPix_BpO_D2_BLD11_PNL1_RNG2,,11B,M-P-2-37,11002,4,2Bc,2BC,5,PR045,,PB-45,J11,1,,,CI-A 044,P42,13,SN112498/0057,15,30201210004619,A,0x7e,0x11,+z down left 4,3,+z down left 2,3,9,gray-5,9/10,5,t,1291,up center,,10,2,1,,,,,,,,
FPix_BpO_D2_BLD12_PNL1_RNG2,,12B,M-P-3-01,10016,3,2Bc,2BC,3,PR045,,PB-45,J11,1,,,CI-A 044,P42,18,SN112498/0059,15,30201210004619,A,0x7e,0x11,+z down left 4,2,+z down left 2,3,10,gray-5,33/34,5,b,1291,up center,,10,2,1,,,,,,,,
FPix_BpO_D2_BLD13_PNL1_RNG2,,13B,M-K-3-47,11055,2,2Bc,2BC,1,PR045,,PB-45,J11,1,,,CI-A 044,P42,19,SN112498/0060,15,30201210004619,A,0x7e,0x11,+z down left 4,1,+z down left 2,3,11,gray-5,9/10,6,t,1292,up center,,10,2,1,,,,,,,,
FPix_BpO_D2_BLD14_PNL1_RNG2,,14B,M-L-2-14,11028,5,2Bd,2BD,7,PR044,,PB-30,J11,1,,,CI-A 054,P40,19,SN112498/0060,15,30201210004619,B,0x7d,0x11,+z down left 4,1,+z down left 2,3,11,red-7,13/14,6,t,1292,up center,,10,2,2,,,,,,,,
FPix_BpO_D2_BLD15_PNL1_RNG2,,15B,M-O-1-24,11058,4,2Bd,2BD,5,PR044,,PB-30,J11,1,,,CI-A 054,P40,20,SN112498/0042,15,30201210004619,B,0x7d,0x11,+z down left 3,3,+z down left 2,3,12,red-7,37/38,6,b,1292,up center,,10,2,2,,,,,,,,
FPix_BpO_D2_BLD16_PNL1_RNG2,,16B,M-O-1-33,10005,3,2Bd,2BD,3,PR044,,PB-30,J11,1,,,CI-A 054,P40,21,SN112498/0054,15,30201210004619,B,0x7d,0x11,+z down left 3,2,+z down left 2,3,13,red-7,13/14,7,t,1293,up center,,10,2,2,,,,,,,,
FPix_BpO_D2_BLD17_PNL1_RNG2,,17B,M-K-3-15,11026,2,2Bd,2BD,1,PR044,,PB-30,J11,1,,,CI-A 054,P40,22,SN112498/0053,15,30201210004619,B,0x7d,0x11,+z down left 3,1,+z down left 2,3,14,red-7,37/38,7,b,1293,up center,,10,2,2,,,,,,,,
,,,,,,,,,,,,,,,,,,,,,,,,,,,,,,,,,,,,,,,,,,,,,,,
FPix_BpO_D3_BLD1_PNL2_RNG1,HC4-Disk3-Inner,1T,M-L-4-23,6026,15,3Ta,3TA,6,PR143,,PB-25,J12,4,,,CI-A 017,P83,1,SN112498/0007,10,30201210004632,A,0x7b,0x12,+z up left 3,1,+z up left 2,4,1,turquoise-12,23/24,1,t,1287,up center,,9,3,1,BpO,,,,,,,
FPix_BpO_D3_BLD2_PNL2_RNG1,,2T,M-N-3-10,6013,14,3Ta,3TA,4,PR143,,PB-25,J12,4,,,CI-A 017,P83,2,SN112498/0021,10,30201210004632,A,0x7b,0x12,+z up left 3,2,+z up left 2,4,2,turquoise-12,47/48,1,b,1287,up center,,9,3,1,,,,,,,,
FPix_BpO_D3_BLD3_PNL2_RNG1,,3T,M-L-3-40,11064,13,3Ta,3TA,2,PR143,,PB-25,J12,4,,,CI-A 017,P83,3,SN112498/0022,10,30201210004632,A,0x7b,0x12,+z up left 3,3,+z up left 2,4,3,turquoise-12,23/24,2,t,1288,up center,,9,3,1,,,,,,,,
FPix_BpO_D3_BLD4_PNL2_RNG1,,4T,M-O-1-10,6093,15,3Tb,3TB,6,PR138,,PB-7,J12,4,,,CI-A 013,P84,5,SN112498/0023,10,30201210004632,B,0x7c,0x12,+z up left 4,1,+z up left 2,4,5,violet-10,19/20,3,t,1289,up center,,9,3,2,,,,,,,,
FPix_BpO_D3_BLD5_PNL2_RNG1,,5T,M-I-4-08,6052,14,3Tb,3TB,2,PR138,,PB-7,J12,4,,,CI-A 013,P84,7,SN112498/0025,10,30201210004632,B,0x7c,0x12,+z up left 4,3,+z up left 2,4,7,violet-10,19/20,4,t,1290,up center,,9,3,2,,,,,,,,
FPix_BpO_D3_BLD6_PNL2_RNG1,,6T,M-Y-T-NM,11041,15,3Tc,3TC,6,PR134,,PB-52,J12,4,,,CI-A 022,P69,12,SN112498/0020,16,30201210004648,A,0x7e,0x12,+z down left 4,4,+z down left 2,4,8,turquoise-12,47/48,4,b,1290,up center,,9,4,1,,,,,,,,
FPix_BpO_D3_BLD7_PNL2_RNG1,,7T,M-I-2-09,11045,14,3Tc,3TC,4,PR134,,PB-52,J12,4,,,CI-A 022,P69,13,SN112498/0057,16,30201210004648,A,0x7e,0x12,+z down left 4,3,+z down left 2,4,9,turquoise-12,23/24,5,t,1291,up center,,9,4,1,,,,,,,,
FPix_BpO_D3_BLD8_PNL2_RNG1,,8T,M-Q-8-18,4132W,13,3Tc,3TC,2,PR134,,PB-52,J12,4,,,CI-A 022,P69,18,SN112498/0059,16,30201210004648,A,0x7e,0x12,+z down left 4,2,+z down left 2,4,10,turquoise-12,47/48,5,b,1291,up center,,9,4,1,,,,,,,,
FPix_BpO_D3_BLD9_PNL2_RNG1,,9T,M-P-2-36,11063,15,3Td,3TD,6,PR140,,PB-41,J12,4,,,CI-A 037,FP16,20,SN112498/0042,16,30201210004648,B,0x7d,0x12,+z down left 3,3,+z down left 2,4,12,violet-10,43/44,6,b,1292,up center,,9,4,2,,,,,,,,
FPix_BpO_D3_BLD10_PNL2_RNG1,,10T,M-Y-A-NG,6017,14,3Td,3TD,4,PR140,,PB-41,J12,4,,,CI-A 037,FP16,21,SN112498/0054,16,30201210004648,B,0x7d,0x12,+z down left 3,2,+z down left 2,4,13,violet-10,19/20,7,t,1293,up center,,9,4,2,,,,,,,,
FPix_BpO_D3_BLD11_PNL2_RNG1,,11T,M-Y-H-NS,11065,13,3Td,3TD,2,PR140,,PB-41,J12,4,,,CI-A 037,FP16,22,SN112498/0053,16,30201210004648,B,0x7d,0x12,+z down left 3,1,+z down left 2,4,14,violet-10,43/44,7,b,1293,up center,,9,4,2,,,,,,,,
FPix_BpO_D3_BLD1_PNL1_RNG1,,1B,M-N-1-13,6001,12,3Ba,3BA,6,PR043,,PB-25,J11,2,,,CI-A 017,P110,1,SN112498/0007,10,30201210004632,A,0x7b,0x12,+z up left 3,1,+z up left 2,4,1,pink-11,21/22,1,t,1287,up center,,9,3,1,,,,,,,,
FPix_BpO_D3_BLD2_PNL1_RNG1,,2B,M-L-1-32,11062,11,3Ba,3BA,4,PR043,,PB-25,J11,2,,,CI-A 017,P110,2,SN112498/0021,10,30201210004632,A,0x7b,0x12,+z up left 3,2,+z up left 2,4,2,pink-11,45/46,1,b,1287,up center,,9,3,1,,,,,,,,
FPix_BpO_D3_BLD3_PNL1_RNG1,,3B,M-P-1-30,11056,10,3Ba,3BA,2,PR043,,PB-25,J11,2,,,CI-A 017,P110,3,SN112498/0022,10,30201210004632,A,0x7b,0x12,+z up left 3,3,+z up left 2,4,3,pink-11,21/22,2,t,1288,up center,,9,3,1,,,,,,,,
FPix_BpO_D3_BLD4_PNL1_RNG1,,4B,M-P-5-38,11061,13,3Bb,3BB,6,PR038,,PB-7,J11,2,,,CI-A 013,P33,5,SN112498/0023,10,30201210004632,B,0x7c,0x12,+z up left 4,1,+z up left 2,4,5,yellow-9,17/18,3,t,1289,up center,,9,3,2,,,,,,,,
FPix_BpO_D3_BLD5_PNL1_RNG1,,5B,M-L-1-50,11060,12,3Bb,3BB,2,PR038,,PB-7,J11,2,,,CI-A 013,P33,7,SN112498/0025,10,30201210004632,B,0x7c,0x12,+z up left 4,3,+z up left 2,4,7,yellow-9,17/18,4,t,1290,up center,,9,3,2,,,,,,,,
FPix_BpO_D3_BLD6_PNL1_RNG1,,6B,M-P-5-06,6011,12,3Bc,3BC,6,PR034,,PB-52,J11,2,,,CI-A 022,P32,12,SN112498/0020,16,30201210004648,A,0x7e,0x12,+z down left 4,4,+z down left 2,4,8,pink-11,45/46,4,b,1290,up center,,9,4,1,,,,,,,,
FPix_BpO_D3_BLD7_PNL1_RNG1,,7B,M-Y-O-NG,6079,11,3Bc,3BC,4,PR034,,PB-52,J11,2,,,CI-A 022,P32,13,SN112498/0057,16,30201210004648,A,0x7e,0x12,+z down left 4,3,+z down left 2,4,9,pink-11,21/22,5,t,1291,up center,,9,4,1,,,,,,,,
FPix_BpO_D3_BLD8_PNL1_RNG1,,8B,M-P-2-22,11059,10,3Bc,3BC,2,PR034,,PB-52,J11,2,,,CI-A 022,P32,18,SN112498/0059,16,30201210004648,A,0x7e,0x12,+z down left 4,2,+z down left 2,4,10,pink-11,45/46,5,b,1291,up center,,9,4,1,,,,,,,,
FPix_BpO_D3_BLD9_PNL1_RNG1,,9B,M-P-3-03,6020,12,3Bd,3BD,6,PR040,,PB-41,J11,2,,,CI-A 037,P34,20,SN112498/0042,16,30201210004648,B,0x7d,0x12,+z down left 3,3,+z down left 2,4,12,yellow-9,41/42,6,b,1292,up center,,9,4,2,,,,,,,,
FPix_BpO_D3_BLD10_PNL1_RNG1,,10B,M-B-4-44,6012,11,3Bd,3BD,4,PR040,,PB-41,J11,2,,,CI-A 037,P34,21,SN112498/0054,16,30201210004648,B,0x7d,0x12,+z down left 3,2,+z down left 2,4,13,yellow-9,17/18,7,t,1293,up center,,9,4,2,,,,,,,,
FPix_BpO_D3_BLD11_PNL1_RNG1,,11B,M-P-3-09,6076,10,3Bd,3BD,2,PR040,,PB-41,J11,2,,,CI-A 037,P34,22,SN112498/0053,16,30201210004648,B,0x7d,0x12,+z down left 3,1,+z down left 2,4,14,yellow-9,41/42,7,b,1293,up center,,9,4,2,,,,,,,,
FPix_BpO_D3_BLD1_PNL2_RNG2,HC4-Disk3-Outer,1T,M-Y-A-NN,10068,9,3Ta,3TA,7,PR143,,PB-25,J12,3,,,CI-A 017,P83,1,SN112498/0007,10,30201210004632,A,0x7b,0x12,+z up left 3,1,+z up left 2,4,1,violet-10,19/20,1,t,1287,up center,,9,3,1,BpO,,,,,,,
FPix_BpO_D3_BLD2_PNL2_RNG2,,2T,M-N-3-18,10070,8,3Ta,3TA,5,PR143,,PB-25,J12,3,,,CI-A 017,P83,2,SN112498/0021,10,30201210004632,A,0x7b,0x12,+z up left 3,2,+z up left 2,4,2,violet-10,43/44,1,b,1287,up center,,9,3,1,,,,,,,,
FPix_BpO_D3_BLD3_PNL2_RNG2,,3T,M-M-3-09,10071,7,3Ta,3TA,3,PR143,,PB-25,J12,3,,,CI-A 017,P83,3,SN112498/0022,10,30201210004632,A,0x7b,0x12,+z up left 3,3,+z up left 2,4,3,violet-10,19/20,2,t,1288,up center,,9,3,1,,,,,,,,
FPix_BpO_D3_BLD4_PNL2_RNG2,,4T,M-O-1-18,10028,6,3Ta,3TA,1,PR143,,PB-25,J12,3,,,CI-A 017,P83,4,SN112498/0024,10,30201210004632,A,0x7b,0x12,+z up left 3,4,+z up left 2,4,4,violet-10,43/44,2,b,1288,up center,,9,3,1,,,,,,,,
FPix_BpO_D3_BLD5_PNL2_RNG2,,5T,M-O-1-07,10035,11,3Tb,3TB,7,PR138,,PB-7,J12,3,,,CI-A 013,P84,4,SN112498/0024,10,30201210004632,B,0x7c,0x12,+z up left 3,4,+z up left 2,4,4,turquoise-12,47/48,2,b,1288,up center,,9,3,2,,,,,,,,
FPix_BpO_D3_BLD6_PNL2_RNG2,,6T,M-N-3-07,10019,10,3Tb,3TB,5,PR138,,PB-7,J12,3,,,CI-A 013,P84,5,SN112498/0023,10,30201210004632,B,0x7c,0x12,+z up left 4,1,+z up left 2,4,5,turquoise-12,23/24,3,t,1289,up center,,9,3,2,,,,,,,,
FPix_BpO_D3_BLD7_PNL2_RNG2,,7T,M-G-1-09,11016,9,3Tb,3TB,4,PR138,,PB-7,J12,4,,,CI-A 013,P84,6,SN112498/0058,10,30201210004632,B,0x7c,0x12,+z up left 4,2,+z up left 2,4,6,violet-10,43/44,3,b,1289,up center,,9,3,2,,,,,,,,
FPix_BpO_D3_BLD8_PNL2_RNG2,,8T,M-J-4-17,10050,8,3Tb,3TB,3,PR138,,PB-7,J12,3,,,CI-A 013,P84,6,SN112498/0058,10,30201210004632,B,0x7c,0x12,+z up left 4,2,+z up left 2,4,6,turquoise-12,47/48,3,b,1289,up center,,9,3,2,,,,,,,,
FPix_BpO_D3_BLD9_PNL2_RNG2,,9T,M-Y-T-NH,10087,7,3Tb,3TB,1,PR138,,PB-7,J12,3,,,CI-A 013,P84,7,SN112498/0025,10,30201210004632,B,0x7c,0x12,+z up left 4,3,+z up left 2,4,7,turquoise-12,23/24,4,t,1290,up center,,9,3,2,,,,,,,,
FPix_BpO_D3_BLD10_PNL2_RNG2,,10T,M-Y-F-NJ,10029,9,3Tc,3TC,7,PR134,,PB-52,J12,3,,,CI-A 022,P69,12,SN112498/0020,16,30201210004648,A,0x7e,0x12,+z down left 4,4,+z down left 2,4,8,violet-10,43/44,4,b,1290,up center,,9,4,1,,,,,,,,
FPix_BpO_D3_BLD11_PNL2_RNG2,,11T,M-Y-Q-NH,10026,8,3Tc,3TC,5,PR134,,PB-52,J12,3,,,CI-A 022,P69,13,SN112498/0057,16,30201210004648,A,0x7e,0x12,+z down left 4,3,+z down left 2,4,9,violet-10,19/20,5,t,1291,up center,,9,4,1,,,,,,,,
FPix_BpO_D3_BLD12_PNL2_RNG2,,12T,M-Y-N-NB,10027,7,3Tc,3TC,3,PR134,,PB-52,J12,3,,,CI-A 022,P69,18,SN112498/0059,16,30201210004648,A,0x7e,0x12,+z down left 4,2,+z down left 2,4,10,violet-10,43/44,5,b,1291,up center,,9,4,1,,,,,,,,
FPix_BpO_D3_BLD13_PNL2_RNG2,,13T,M-Y-Q-NF,10031,6,3Tc,3TC,1,PR134,,PB-52,J12,3,,,CI-A 022,P69,19,SN112498/0060,16,30201210004648,A,0x7e,0x12,+z down left 4,1,+z down left 2,4,11,violet-10,19/20,6,t,1292,up center,,9,4,1,,,,,,,,
FPix_BpO_D3_BLD14_PNL2_RNG2,,14T,M-O-1-14,10007,9,3Td,3TD,7,PR140,,PB-41,J12,3,,,CI-A 037,FP16,19,SN112498/0060,16,30201210004648,B,0x7d,0x12,+z down left 4,1,+z down left 2,4,11,turquoise-12,23/24,6,t,1292,up center,,9,4,2,,,,,,,,
FPix_BpO_D3_BLD15_PNL2_RNG2,,15T,M-O-2-18,10008,8,3Td,3TD,5,PR140,,PB-41,J12,3,,,CI-A 037,FP16,20,SN112498/0042,16,30201210004648,B,0x7d,0x12,+z down left 3,3,+z down left 2,4,12,turquoise-12,47/48,6,b,1292,up center,,9,4,2,,,,,,,,
FPix_BpO_D3_BLD16_PNL2_RNG2,,16T,M-O-1-06,10049,7,3Td,3TD,3,PR140,,PB-41,J12,3,,,CI-A 037,FP16,21,SN112498/0054,16,30201210004648,B,0x7d,0x12,+z down left 3,2,+z down left 2,4,13,turquoise-12,23/24,7,t,1293,up center,,9,4,2,,,,,,,,
FPix_BpO_D3_BLD17_PNL2_RNG2,,17T,M-Y-D-NU,10033,6,3Td,3TD,1,PR140,,PB-41,J12,3,,,CI-A 037,FP16,22,SN112498/0053,16,30201210004648,B,0x7d,0x12,+z down left 3,1,+z down left 2,4,14,turquoise-12,47/48,7,b,1293,up center,,9,4,2,,,,,,,,
FPix_BpO_D3_BLD1_PNL1_RNG2,,1B,M-Y-L-NV,10062,5,3Ba,3BA,7,PR043,,PB-25,J11,1,,,CI-A 017,P110,1,SN112498/0007,10,30201210004632,A,0x7b,0x12,+z up left 3,1,+z up left 2,4,1,yellow-9,17/18,1,t,1287,up center,,9,3,1,,,,,,,,
FPix_BpO_D3_BLD2_PNL1_RNG2,,2B,M-L-4-49,10069,4,3Ba,3BA,5,PR043,,PB-25,J11,1,,,CI-A 017,P110,2,SN112498/0021,10,30201210004632,A,0x7b,0x12,+z up left 3,2,+z up left 2,4,2,yellow-9,41/42,1,b,1287,up center,,9,3,1,,,,,,,,
FPix_BpO_D3_BLD3_PNL1_RNG2,,3B,M-O-1-12,10055,3,3Ba,3BA,3,PR043,,PB-25,J11,1,,,CI-A 017,P110,3,SN112498/0022,10,30201210004632,A,0x7b,0x12,+z up left 3,3,+z up left 2,4,3,yellow-9,17/18,2,t,1288,up center,,9,3,1,,,,,,,,
FPix_BpO_D3_BLD4_PNL1_RNG2,,4B,M-N-3-08,10057,2,3Ba,3BA,1,PR043,,PB-25,J11,1,,,CI-A 017,P110,4,SN112498/0024,10,30201210004632,A,0x7b,0x12,+z up left 3,4,+z up left 2,4,4,yellow-9,41/42,2,b,1288,up center,,9,3,1,,,,,,,,
FPix_BpO_D3_BLD5_PNL1_RNG2,,5B,M-Y-B-NZ,10054,6,3Bb,3BB,7,PR038,,PB-7,J11,1,,,CI-A 013,P33,4,SN112498/0024,10,30201210004632,B,0x7c,0x12,+z up left 3,4,+z up left 2,4,4,pink-11,45/46,2,b,1288,up center,,9,3,2,,,,,,,,
FPix_BpO_D3_BLD6_PNL1_RNG2,,6B,M-N-1-35,10056,5,3Bb,3BB,5,PR038,,PB-7,J11,1,,,CI-A 013,P33,5,SN112498/0023,10,30201210004632,B,0x7c,0x12,+z up left 4,1,+z up left 2,4,5,pink-11,21/22,3,t,1289,up center,,9,3,2,,,,,,,,
FPix_BpO_D3_BLD7_PNL1_RNG2,,7B,M-L-3-05,10048,4,3Bb,3BB,4,PR038,,PB-7,J11,2,,,CI-A 013,P33,6,SN112498/0058,10,30201210004632,B,0x7c,0x12,+z up left 4,2,+z up left 2,4,6,yellow-9,41/42,3,b,1289,up center,,9,3,2,,,,,,,,
FPix_BpO_D3_BLD8_PNL1_RNG2,,8B,M-I-4-02,10039,3,3Bb,3BB,3,PR038,,PB-7,J11,1,,,CI-A 013,P33,6,SN112498/0058,10,30201210004632,B,0x7c,0x12,+z up left 4,2,+z up left 2,4,6,pink-11,45/46,3,b,1289,up center,,9,3,2,,,,,,,,
FPix_BpO_D3_BLD9_PNL1_RNG2,,9B,M-O-2-14,10034,2,3Bb,3BB,1,PR038,,PB-7,J11,1,,,CI-A 013,P33,7,SN112498/0025,10,30201210004632,B,0x7c,0x12,+z up left 4,3,+z up left 2,4,7,pink-11,21/22,4,t,1290,up center,,9,3,2,,,,,,,,
FPix_BpO_D3_BLD10_PNL1_RNG2,,10B,M-Y-P-NT,10047,5,3Bc,3BC,7,PR034,,PB-52,J11,1,,,CI-A 022,P32,12,SN112498/0020,16,30201210004648,A,0x7e,0x12,+z down left 4,4,+z down left 2,4,8,yellow-9,41/42,4,b,1290,up center,,9,4,1,,,,,,,,
FPix_BpO_D3_BLD11_PNL1_RNG2,,11B,M-Y-A-NV,10045,4,3Bc,3BC,5,PR034,,PB-52,J11,1,,,CI-A 022,P32,13,SN112498/0057,16,30201210004648,A,0x7e,0x12,+z down left 4,3,+z down left 2,4,9,yellow-9,17/18,5,t,1291,up center,,9,4,1,,,,,,,,
FPix_BpO_D3_BLD12_PNL1_RNG2,,12B,M-O-2-43,10046,3,3Bc,3BC,3,PR034,,PB-52,J11,1,,,CI-A 022,P32,18,SN112498/0059,16,30201210004648,A,0x7e,0x12,+z down left 4,2,+z down left 2,4,10,yellow-9,41/42,5,b,1291,up center,,9,4,1,,,,,,,,
FPix_BpO_D3_BLD13_PNL1_RNG2,,13B,M-K-3-11,10044,2,3Bc,3BC,1,PR034,,PB-52,J11,1,,,CI-A 022,P32,19,SN112498/0060,16,30201210004648,A,0x7e,0x12,+z down left 4,1,+z down left 2,4,11,yellow-9,17/18,6,t,1292,up center,,9,4,1,,,,,,,,
FPix_BpO_D3_BLD14_PNL1_RNG2,,14B,M-O-1-17,10090,5,3Bd,3BD,7,PR040,,PB-41,J11,1,,,CI-A 037,P34,19,SN112498/0060,16,30201210004648,B,0x7d,0x12,+z down left 4,1,+z down left 2,4,11,pink-11,21/22,6,t,1292,up center,,9,4,2,,,,,,,,
FPix_BpO_D3_BLD15_PNL1_RNG2,,15B,M-O-1-25,10081,4,3Bd,3BD,5,PR040,,PB-41,J11,1,,,CI-A 037,P34,20,SN112498/0042,16,30201210004648,B,0x7d,0x12,+z down left 3,3,+z down left 2,4,12,pink-11,45/46,6,b,1292,up center,,9,4,2,,,,,,,,
FPix_BpO_D3_BLD16_PNL1_RNG2,,16B,M-O-2-06,10083,3,3Bd,3BD,3,PR040,,PB-41,J11,1,,,CI-A 037,P34,21,SN112498/0054,16,30201210004648,B,0x7d,0x12,+z down left 3,2,+z down left 2,4,13,pink-11,21/22,7,t,1293,up center,,9,4,2,,,,,,,,
FPix_BpO_D3_BLD17_PNL1_RNG2,,17B,M-L-1-22,10042,2,3Bd,3BD,1,PR040,,PB-41,J11,1,,,CI-A 037,P34,22,SN112498/0053,16,30201210004648,B,0x7d,0x12,+z down left 3,1,+z down left 2,4,14,pink-11,45/46,7,b,1293,up center,,9,4,2,,,,,,,,
,,,,,,,,,,,,,,,,Filterboard auxilary power,,,,,CCU DOH QR,,board,,,,,,,,,,,,,,,,,,,,,,,,
,,,,,,,,,,,,,,,,CI-B 007,,,,17,30201210004605,,(002/06),,CCU+tFEC,,+z up left 1,1,,,,,,,,,,,,,,,,,,,