Official name of position,internal disk name,internal naming per Disk,Module,flex cable,HubID,PC position phi,PC position Mirror,PC port,PC identifier,PC name,DCDC,DCDC J11/J12,DCDC channel,DCDC name,Filterboard DCS,Filterboard module power,POH board,POH Bundle,POH SN,DOH bundle,DOH QR,DOH A/B,CCU,channel,PP0 Adapter/FED,PP0 Ad.Slot/FED,PP0 Adapter/FEC,PP0 Ad.Slot/FEC,internal POH no,POH fiber color,FED channel,FED position,FED receiver,FED ID,FEC/FED crate,FEC ID,FEC position,mfec,mfecchannel,,,,,,,
FPix_BmI_D1_BLD1_PNL2_RNG1,HC1-Disk1-Inner,1T,M-H-1-34,7062,15,1Ta,1TA,6,PR115,,PB-29,J12,4,,,CI-A 008,P97,1,SN122498/0045,8,30201210004620,A,0x7b,0x10,-z up left 3,1,-z up left 2,2,1,brown-4,7/8,1,t,1294,down center,,9,1,1,BmI,PortCard Position:,,,,,
FPix_BmI_D1_BLD2_PNL2_RNG1,,2T,M-H-1-39,7065,14,1Ta,1TA,4,PR115,,PB-29,J12,4,,,CI-A 008,P97,2,SN122498/0041,8,30201210004620,A,0x7b,0x10,-z up left 3,2,-z up left 2,2,2,brown-4,31/32,1,b,1294,down center,,9,1,1,,XYZ-#:,X: disk number 1-3,,,,replaced PC 105 with 123
FPix_BmI_D1_BLD3_PNL2_RNG1,,3T,M-H-2-04,7075,13,1Ta,1TA,2,PR115,,PB-29,J12,4,,,CI-A 008,P97,3,SN122498/0046,8,30201210004620,A,0x7b,0x10,-z up left 3,3,-z up left 2,2,3,brown-4,7/8,2,t,1295,down center,,9,1,1,,,Y: top/bottom,,,,replaced PC 026 with 005
FPix_BmI_D1_BLD4_PNL2_RNG1,,4T,M-H-2-17,7032,15,1Tb,1TB,6,PR117,,PB-19,J12,4,,,CI-A 014,P98,5,SN122498/0028,8,30201210004620,B,0x7c,0x10,-z up left 4,1,-z up left 2,2,5,orange-2,3/4,3,t,1296,down center,,9,1,2,,,Z: position phi (a-d),,Z: position mirror (A-D),,
FPix_BmI_D1_BLD5_PNL2_RNG1,,5T,M-H-2-26,7031,14,1Tb,1TB,2,PR117,,PB-19,J12,4,,,CI-A 014,P98,7,SN122498/0044,8,30201210004620,B,0x7c,0x10,-z up left 4,3,-z up left 2,2,7,orange-2,3/4,4,t,1297,down center,,9,1,2,,,#: Slot number (1-7),,,,
FPix_BmI_D1_BLD6_PNL2_RNG1,,6T,M-H-2-28,7063,15,1Tc,1TC,6,PR124,,PB-1,J12,4,,,CI-A 045,P43,12,SN122498/0035,14,30201210004691,A,0x7e,0x10,-z down left 4,4,-z down left 2,2,8,brown-4,31/32,4,b,1297,down center,,10,1,1,,,,,,,
FPix_BmI_D1_BLD7_PNL2_RNG1,,7T,M-H-2-36,7060,14,1Tc,1TC,4,PR124,,PB-1,J12,4,,,CI-A 045,P43,13,SN122498/0039,14,30201210004691,A,0x7e,0x10,-z down left 4,3,-z down left 2,2,9,brown-4,7/8,5,t,1298,down center,,10,1,1,,BmI:,-z +x (left),,,,
FPix_BmI_D1_BLD8_PNL2_RNG1,,8T,M-H-2-47,7071,13,1Tc,1TC,2,PR124,,PB-1,J12,4,,,CI-A 045,P43,18,SN122498/0027,14,30201210004691,A,0x7e,0x10,-z down left 4,2,-z down left 2,2,10,brown-4,31/32,5,b,1298,down center,,10,1,1,,BmO:,-z -x (right),,,,
FPix_BmI_D1_BLD9_PNL2_RNG1,,9T,M-I-1-26,7066,15,1Td,1TD,6,PR123,,PB-12,J12,4,,,CI-A 006,P45,20,SN122498/0052,14,30201210004691,B,0x7d,0x10,-z down left 3,3,-z down left 2,2,12,orange-2,27/28,6,b,1299,down center,,10,1,2,,BpI:,+z +x (right),,,,
FPix_BmI_D1_BLD10_PNL2_RNG1,,10T,M-I-1-50,7057,14,1Td,1TD,4,PR123,,PB-12,J12,4,,,CI-A 006,P45,21,SN122498/0051,14,30201210004691,B,0x7d,0x10,-z down left 3,2,-z down left 2,2,13,orange-2,3/4,7,t,1300,down center,,10,1,2,,BpO:,+z -x (left),,,,
FPix_BmI_D1_BLD11_PNL2_RNG1,,11T,M-L-3-47,7053,13,1Td,1TD,2,PR123,,PB-12,J12,4,,,CI-A 006,P45,22,SN122498/0081,14,30201210004691,B,0x7d,0x10,-z down left 3,1,-z down left 2,2,14,orange-2,27/28,7,b,1300,down center,,10,1,2,,,,,,,
FPix_BmI_D1_BLD1_PNL1_RNG1,,1B,M-I-2-35,7033,12,1Ba,1BA,6,PR015,,PB-29,J11,2,,,CI-A 008,P46,1,SN122498/0045,8,30201210004620,A,0x7b,0x10,-z up left 3,1,-z up left 2,2,1,green-3,5/6,1,t,1294,down center,,9,1,1,,,,,,,
FPix_BmI_D1_BLD2_PNL1_RNG1,,2B,M-I-2-47,7044,11,1Ba,1BA,4,PR015,,PB-29,J11,2,,,CI-A 008,P46,2,SN122498/0041,8,30201210004620,A,0x7b,0x10,-z up left 3,2,-z up left 2,2,2,green-3,29/30,1,b,1294,down center,,9,1,1,,POH bundles,"1,2,3,4,5,6,7,12,13,18,19,20,21,22",,,(14 bundles - 12 fibers/bundle - 1.72 POHs/bundle),
FPix_BmI_D1_BLD3_PNL1_RNG1,,3B,M-I-2-48,7045,10,1Ba,1BA,2,PR015,,PB-29,J11,2,,,CI-A 008,P46,3,SN122498/0046,8,30201210004620,A,0x7b,0x10,-z up left 3,3,-z up left 2,2,3,green-3,5/6,2,t,1295,down center,,9,1,1,,pDOH bundles,"8,14,9,15,10,16",,,(6 bundles - 8 fibers/bundle - 2 DOHs/bundle),
FPix_BmI_D1_BLD4_PNL1_RNG1,,4B,M-I-3-09,7049,13,1Bb,1BB,6,PR017,,PB-19,J11,2,,,CI-A 014,P95,5,SN122498/0028,8,30201210004620,B,0x7c,0x10,-z up left 4,1,-z up left 2,2,5,blue-1,1/2,3,t,1296,down center,,9,1,2,,tDOH bundle,17,,,(1 bundle - 8 fibers/bundle),
FPix_BmI_D1_BLD5_PNL1_RNG1,,5B,M-I-3-17,7029,12,1Bb,1BB,2,PR017,,PB-19,J11,2,,,CI-A 014,P95,7,SN122498/0044,8,30201210004620,B,0x7c,0x10,-z up left 4,3,-z up left 2,2,7,blue-1,1/2,4,t,1297,down center,,9,1,2,,,,,,,
FPix_BmI_D1_BLD6_PNL1_RNG1,,6B,M-I-3-39,7028,12,1Bc,1BC,6,PR024,,PB-1,J11,2,,,CI-A 045,P44,12,SN122498/0035,14,30201210004691,A,0x7e,0x10,-z down left 4,4,-z down left 2,2,8,green-3,29/30,4,b,1297,down center,,10,1,1,,"top faces away from IP - is PNL2,  bottom faces towards IP - is PNL1",,,,,
FPix_BmI_D1_BLD7_PNL1_RNG1,,7B,M-I-4-27,7040,11,1Bc,1BC,4,PR024,,PB-1,J11,2,,,CI-A 045,P44,13,SN122498/0039,14,30201210004691,A,0x7e,0x10,-z down left 4,3,-z down left 2,2,9,green-3,5/6,5,t,1298,down center,,10,1,1,,,,,,,
FPix_BmI_D1_BLD8_PNL1_RNG1,,8B,M-K-3-42,7026,10,1Bc,1BC,2,PR024,,PB-1,J11,2,,,CI-A 045,P44,18,SN122498/0027,14,30201210004691,A,0x7e,0x10,-z down left 4,2,-z down left 2,2,10,green-3,29/30,5,b,1298,down center,,10,1,1,,"For BmI/BpO, FED positions (POH bundles) 2b(4), 3b(6), 6a(19) contain only outer modules",,,,,
FPix_BmI_D1_BLD9_PNL1_RNG1,,9B,M-I-4-30,7048,12,1Bd,1BD,6,PR005,,PB-12,J11,2,,,CI-A 006,P120,20,SN122498/0052,14,30201210004691,B,0x7d,0x10,-z down left 3,3,-z down left 2,2,12,blue-1,25/26,6,b,1299,down center,,10,1,2,,"For BmI/BpO, FED positions (POH bundles) 2b(4), 5a(17), 6a(19) contain only outer modules",,,,,
FPix_BmI_D1_BLD10_PNL1_RNG1,,10B,M-I-4-41,7038,11,1Bd,1BD,4,PR005,,PB-12,J11,2,,,CI-A 006,P120,21,SN122498/0051,14,30201210004691,B,0x7d,0x10,-z down left 3,2,-z down left 2,2,13,blue-1,1/2,7,t,1300,down center,,10,1,2,,BmI = FPix Near -   --> down center crate,,,,,
FPix_BmI_D1_BLD11_PNL1_RNG1,,11B,M-L-4-01,7036,10,1Bd,1BD,2,PR005,,PB-12,J11,2,,,CI-A 006,P120,22,SN122498/0081,14,30201210004691,B,0x7d,0x10,-z down left 3,1,-z down left 2,2,14,blue-1,25/26,7,b,1300,down center,,10,1,2,,BpI = FPix Near +   --> top crate,,,,,
FPix_BmI_D1_BLD1_PNL2_RNG2,HC1-Disk1-Outer,1T,M-L-4-46,8010,9,1Ta,1TA,7,PR115,,PB-29,J12,3,,,CI-A 008,P97,1,SN122498/0045,8,30201210004620,A,0x7b,0x10,-z up left 3,1,-z up left 2,2,1,orange-2,3/4,1,t,1294,down center,,9,1,1,BmI,BmO = FPix Far -   --> bottom crate,,,,,
FPix_BmI_D1_BLD2_PNL2_RNG2,,2T,M-M-3-42,8026,8,1Ta,1TA,5,PR115,,PB-29,J12,3,,,CI-A 008,P97,2,SN122498/0041,8,30201210004620,A,0x7b,0x10,-z up left 3,2,-z up left 2,2,2,orange-2,27/28,1,b,1294,down center,,9,1,1,,BpO = FPix Far+ --> up center crate,,,,,
FPix_BmI_D1_BLD3_PNL2_RNG2,,3T,M-M-4-03,8044,7,1Ta,1TA,3,PR115,,PB-29,J12,3,,,CI-A 008,P97,3,SN122498/0046,8,30201210004620,A,0x7b,0x10,-z up left 3,3,-z up left 2,2,3,orange-2,3/4,2,t,1295,down center,,9,1,1,,,,,,,
FPix_BmI_D1_BLD4_PNL2_RNG2,,4T,M-K-3-33,8013,6,1Ta,1TA,1,PR115,,PB-29,J12,3,,,CI-A 008,P97,4,SN122498/0047,8,30201210004620,A,0x7b,0x10,-z up left 3,4,-z up left 2,2,4,orange-2,27/28,2,b,1295,down center,,9,1,1,,,,,,,
FPix_BmI_D1_BLD5_PNL2_RNG2,,5T,M-K-2-20,8033,11,1Tb,1TB,7,PR117,,PB-19,J12,3,,,CI-A 014,P98,4,SN122498/0047,8,30201210004620,B,0x7c,0x10,-z up left 3,4,-z up left 2,2,4,brown-4,31/32,2,b,1295,down center,,9,1,2,,mfec 1 --> bottom (lower mezzanine),,,,,
FPix_BmI_D1_BLD6_PNL2_RNG2,,6T,M-K-2-22,8029,10,1Tb,1TB,5,PR117,,PB-19,J12,3,,,CI-A 014,P98,5,SN122498/0028,8,30201210004620,B,0x7c,0x10,-z up left 4,1,-z up left 2,2,5,brown-4,7/8,3,t,1296,down center,,9,1,2,,mfec 2 --> down center (lower mezzanine),,,,,
FPix_BmI_D1_BLD7_PNL2_RNG2,,7T,M-L-2-12,8032,9,1Tb,1TB,4,PR117,,PB-19,J12,4,,,CI-A 014,P98,6,SN122498/0043,8,30201210004620,B,0x7c,0x10,-z up left 4,2,-z up left 2,2,6,orange-2,27/28,3,b,1296,down center,,9,1,2,,mfec 3 --> up center (upper mezzanine),,,,,
FPix_BmI_D1_BLD8_PNL2_RNG2,,8T,M-M-1-01,8065,8,1Tb,1TB,3,PR117,,PB-19,J12,3,,,CI-A 014,P98,6,SN122498/0043,8,30201210004620,B,0x7c,0x10,-z up left 4,2,-z up left 2,2,6,brown-4,31/32,3,b,1296,down center,,9,1,2,,mfec 4 --> top (upper mezzanine),,,,,
FPix_BmI_D1_BLD9_PNL2_RNG2,,9T,M-L-4-03,8057,7,1Tb,1TB,1,PR117,,PB-19,J12,3,,,CI-A 014,P98,7,SN122498/0044,8,30201210004620,B,0x7c,0x10,-z up left 4,3,-z up left 2,2,7,brown-4,7/8,4,t,1297,down center,,9,1,2,,mfecchannel 1 --> lower one (within mezzanine bottom and up center),,,,,
FPix_BmI_D1_BLD10_PNL2_RNG2,,10T,M-M-1-19,8054,9,1Tc,1TC,7,PR124,,PB-1,J12,3,,,CI-A 045,P43,12,SN122498/0035,14,30201210004691,A,0x7e,0x10,-z down left 4,4,-z down left 2,2,8,orange-2,27/28,4,b,1297,down center,,10,1,1,,mfecchannel 2 --> upper one (within mezzanine down center and top),,,,,
FPix_BmI_D1_BLD11_PNL2_RNG2,,11T,M-L-1-10,8060,8,1Tc,1TC,5,PR124,,PB-1,J12,3,,,CI-A 045,P43,13,SN122498/0039,14,30201210004691,A,0x7e,0x10,-z down left 4,3,-z down left 2,2,9,orange-2,3/4,5,t,1298,down center,,10,1,1,,,,,,,
FPix_BmI_D1_BLD12_PNL2_RNG2,,12T,M-L-1-06,8067,7,1Tc,1TC,3,PR124,,PB-1,J12,3,,,CI-A 045,P43,18,SN122498/0027,14,30201210004691,A,0x7e,0x10,-z down left 4,2,-z down left 2,2,10,orange-2,27/28,5,b,1298,down center,,10,1,1,,,,,,,
FPix_BmI_D1_BLD13_PNL2_RNG2,,13T,M-Y-Q-NE,8062,6,1Tc,1TC,1,PR124,,PB-1,J12,3,,,CI-A 045,P43,19,SN122498/0048,14,30201210004691,A,0x7e,0x10,-z down left 4,1,-z down left 2,2,11,orange-2,3/4,6,t,1299,down center,,10,1,1,,,,,,,
FPix_BmI_D1_BLD14_PNL2_RNG2,,14T,M-M-1-42,8008,9,1Td,1TD,7,PR123,,PB-12,J12,3,,,CI-A 006,P45,19,SN122498/0048,14,30201210004691,B,0x7d,0x10,-z down left 4,1,-z down left 2,2,11,brown-4,7/8,6,t,1299,down center,,10,1,2,,,,,,,
FPix_BmI_D1_BLD15_PNL2_RNG2,,15T,M-L-1-15,8059,8,1Td,1TD,5,PR123,,PB-12,J12,3,,,CI-A 006,P45,20,SN122498/0052,14,30201210004691,B,0x7d,0x10,-z down left 3,3,-z down left 2,2,12,brown-4,31/32,6,b,1299,down center,,10,1,2,,,,,,,
FPix_BmI_D1_BLD16_PNL2_RNG2,,16T,M-M-1-48,8053,7,1Td,1TD,3,PR123,,PB-12,J12,3,,,CI-A 006,P45,21,SN122498/0051,14,30201210004691,B,0x7d,0x10,-z down left 3,2,-z down left 2,2,13,brown-4,7/8,7,t,1300,down center,,10,1,2,,,,,,,
FPix_BmI_D1_BLD17_PNL2_RNG2,,17T,M-L-4-18,8046,6,1Td,1TD,1,PR123,,PB-12,J12,3,,,CI-A 006,P45,22,SN122498/0081,14,30201210004691,B,0x7d,0x10,-z down left 3,1,-z down left 2,2,14,brown-4,31/32,7,b,1300,down center,,10,1,2,,,,,,,
FPix_BmI_D1_BLD1_PNL1_RNG2,,1B,M-M-2-19,8003,5,1Ba,1BA,7,PR015,,PB-29,J11,1,,,CI-A 008,P46,1,SN122498/0045,8,30201210004620,A,0x7b,0x10,-z up left 3,1,-z up left 2,2,1,blue-1,1/2,1,t,1294,down center,,9,1,1,,,,,,,
FPix_BmI_D1_BLD2_PNL1_RNG2,,2B,M-K-3-22,8002,4,1Ba,1BA,5,PR015,,PB-29,J11,1,,,CI-A 008,P46,2,SN122498/0041,8,30201210004620,A,0x7b,0x10,-z up left 3,2,-z up left 2,2,2,blue-1,25/26,1,b,1294,down center,,9,1,1,,,,,,,
FPix_BmI_D1_BLD3_PNL1_RNG2,,3B,M-I-4-19,8043,3,1Ba,1BA,3,PR015,,PB-29,J11,1,,,CI-A 008,P46,3,SN122498/0046,8,30201210004620,A,0x7b,0x10,-z up left 3,3,-z up left 2,2,3,blue-1,1/2,2,t,1295,down center,,9,1,1,,,,,,,
FPix_BmI_D1_BLD4_PNL1_RNG2,,4B,M-L-1-30,8009,2,1Ba,1BA,1,PR015,,PB-29,J11,1,,,CI-A 008,P46,4,SN122498/0047,8,30201210004620,A,0x7b,0x10,-z up left 3,4,-z up left 2,2,4,blue-1,25/26,2,b,1295,down center,,9,1,1,,,,,,,
FPix_BmI_D1_BLD5_PNL1_RNG2,,5B,M-M-3-41,8039,6,1Bb,1BB,7,PR017,,PB-19,J11,1,,,CI-A 014,P95,4,SN122498/0047,8,30201210004620,B,0x7c,0x10,-z up left 3,4,-z up left 2,2,4,green-3,29/30,2,b,1295,down center,,9,1,2,,,,,,,
FPix_BmI_D1_BLD6_PNL1_RNG2,,6B,M-L-4-22,8028,5,1Bb,1BB,5,PR017,,PB-19,J11,1,,,CI-A 014,P95,5,SN122498/0028,8,30201210004620,B,0x7c,0x10,-z up left 4,1,-z up left 2,2,5,green-3,5/6,3,t,1296,down center,,9,1,2,,,,,,,
FPix_BmI_D1_BLD7_PNL1_RNG2,,7B,M-M-4-02,8034,4,1Bb,1BB,4,PR017,,PB-19,J11,2,,,CI-A 014,P95,6,SN122498/0043,8,30201210004620,B,0x7c,0x10,-z up left 4,2,-z up left 2,2,6,blue-1,25/26,3,b,1296,down center,,9,1,2,,,,,,,
FPix_BmI_D1_BLD8_PNL1_RNG2,,8B,M-M-4-06,8038,3,1Bb,1BB,3,PR017,,PB-19,J11,1,,,CI-A 014,P95,6,SN122498/0043,8,30201210004620,B,0x7c,0x10,-z up left 4,2,-z up left 2,2,6,green-3,29/30,3,b,1296,down center,,9,1,2,,,,,,,
FPix_BmI_D1_BLD9_PNL1_RNG2,,9B,M-L-3-24,8049,2,1Bb,1BB,1,PR017,,PB-19,J11,1,,,CI-A 014,P95,7,SN122498/0044,8,30201210004620,B,0x7c,0x10,-z up left 4,3,-z up left 2,2,7,green-3,5/6,4,t,1297,down center,,9,1,2,,,,,,,
FPix_BmI_D1_BLD10_PNL1_RNG2,,10B,M-Y-J-NW,8037,5,1Bc,1BC,7,PR024,,PB-1,J11,1,,,CI-A 045,P44,12,SN122498/0035,14,30201210004691,A,0x7e,0x10,-z down left 4,4,-z down left 2,2,8,blue-1,25/26,4,b,1297,down center,,10,1,1,,,,,,,
FPix_BmI_D1_BLD11_PNL1_RNG2,,11B,M-M-2-10,8036,4,1Bc,1BC,5,PR024,,PB-1,J11,1,,,CI-A 045,P44,13,SN122498/0039,14,30201210004691,A,0x7e,0x10,-z down left 4,3,-z down left 2,2,9,blue-1,1/2,5,t,1298,down center,,10,1,1,,,,,,,
FPix_BmI_D1_BLD12_PNL1_RNG2,,12B,M-Y-M-NG,8040,3,1Bc,1BC,3,PR024,,PB-1,J11,1,,,CI-A 045,P44,18,SN122498/0027,14,30201210004691,A,0x7e,0x10,-z down left 4,2,-z down left 2,2,10,blue-1,25/26,5,b,1298,down center,,10,1,1,,,,,,,
FPix_BmI_D1_BLD13_PNL1_RNG2,,13B,M-N-3-36,8048,2,1Bc,1BC,1,PR024,,PB-1,J11,1,,,CI-A 045,P44,19,SN122498/0048,14,30201210004691,A,0x7e,0x10,-z down left 4,1,-z down left 2,2,11,blue-1,1/2,6,t,1299,down center,,10,1,1,,,,,,,
FPix_BmI_D1_BLD14_PNL1_RNG2,,14B,M-M-1-24,8035,5,1Bd,1BD,7,PR005,,PB-12,J11,1,,,CI-A 006,P120,19,SN122498/0048,14,30201210004691,B,0x7d,0x10,-z down left 4,1,-z down left 2,2,11,green-3,5/6,6,t,1299,down center,,10,1,2,,,,,,,
FPix_BmI_D1_BLD15_PNL1_RNG2,,15B,M-M-2-48,8050,4,1Bd,1BD,5,PR005,,PB-12,J11,1,,,CI-A 006,P120,20,SN122498/0052,14,30201210004691,B,0x7d,0x10,-z down left 3,3,-z down left 2,2,12,green-3,29/30,6,b,1299,down center,,10,1,2,,,,,,,
FPix_BmI_D1_BLD16_PNL1_RNG2,,16B,M-M-1-05,8030,3,1Bd,1BD,3,PR005,,PB-12,J11,1,,,CI-A 006,P120,21,SN122498/0051,14,30201210004691,B,0x7d,0x10,-z down left 3,2,-z down left 2,2,13,green-3,5/6,7,t,1300,down center,,10,1,2,,,,,,,
FPix_BmI_D1_BLD17_PNL1_RNG2,,17B,M-Y-M-NS,8031,2,1Bd,1BD,1,PR005,,PB-12,J11,1,,,CI-A 006,P120,22,SN122498/0081,14,30201210004691,B,0x7d,0x10,-z down left 3,1,-z down left 2,2,14,green-3,29/30,7,b,1300,down center,,10,1,2,,,,,,,
,,,,,,,,,,,,,,,,,,,,,,,,,,,,,,,,,,,,,,,,,,,,,,
FPix_BmI_D2_BLD1_PNL2_RNG1,HC1-Disk2-Inner,1T,M-I-4-45,9034,15,2Ta,2TA,6,PR128,,PB-33,J12,4,,,CI-A 005,FP23,1,SN122498/0045,9,30201210004686,A,0x7b,0x11,-z up left 3,1,-z up left 2,3,1,black-8,15/16,1,t,1294,down center,,9,2,1,BmI,,,,,,
FPix_BmI_D2_BLD2_PNL2_RNG1,,2T,M-I-4-46,9030,14,2Ta,2TA,4,PR128,,PB-33,J12,4,,,CI-A 005,FP23,2,SN122498/0041,9,30201210004686,A,0x7b,0x11,-z up left 3,2,-z up left 2,3,2,black-8,39/40,1,b,1294,down center,,9,2,1,,,,,,,
FPix_BmI_D2_BLD3_PNL2_RNG1,,3T,M-I-4-47,9029,13,2Ta,2TA,2,PR128,,PB-33,J12,4,,,CI-A 005,FP23,3,SN122498/0046,9,30201210004686,A,0x7b,0x11,-z up left 3,3,-z up left 2,3,3,black-8,15/16,2,t,1295,down center,,9,2,1,,,,,,,
FPix_BmI_D2_BLD4_PNL2_RNG1,,4T,M-L-4-05,9050,15,2Tb,2TB,6,PR116,,PB-47,J12,4,,,CI-A 004,P37,5,SN122498/0028,9,30201210004686,B,0x7c,0x11,-z up left 4,1,-z up left 2,3,5,white-6,11/12,3,t,1296,down center,,9,2,2,,,,,,,
FPix_BmI_D2_BLD5_PNL2_RNG1,,5T,M-J-1-20,9014,14,2Tb,2TB,2,PR116,,PB-47,J12,4,,,CI-A 004,P37,7,SN122498/0044,9,30201210004686,B,0x7c,0x11,-z up left 4,3,-z up left 2,3,7,white-6,11/12,4,t,1297,down center,,9,2,2,,,,,,,
FPix_BmI_D2_BLD6_PNL2_RNG1,,6T,M-J-1-23,9017,15,2Tc,2TC,6,PR130,,PB-14,J12,4,,,CI-A 009,FP21,12,SN122498/0035,15,30201210004633,A,0x7e,0x11,-z down left 4,4,-z down left 2,3,8,black-8,39/40,4,b,1297,down center,,10,2,1,,,,,,,
FPix_BmI_D2_BLD7_PNL2_RNG1,,7T,M-J-3-05,9019,14,2Tc,2TC,4,PR130,,PB-14,J12,4,,,CI-A 009,FP21,13,SN122498/0039,15,30201210004633,A,0x7e,0x11,-z down left 4,3,-z down left 2,3,9,black-8,15/16,5,t,1298,down center,,10,2,1,,,,,,,
FPix_BmI_D2_BLD8_PNL2_RNG1,,8T,M-J-3-18,9003,13,2Tc,2TC,2,PR130,,PB-14,J12,4,,,CI-A 009,FP21,18,SN122498/0027,15,30201210004633,A,0x7e,0x11,-z down left 4,2,-z down left 2,3,10,black-8,39/40,5,b,1298,down center,,10,2,1,,,,,,,
FPix_BmI_D2_BLD9_PNL2_RNG1,,9T,M-J-3-24,9001,15,2Td,2TD,6,PR127,,PB-22,J12,4,,,CI-A 016,P31,20,SN122498/0052,15,30201210004633,B,0x7d,0x11,-z down left 3,3,-z down left 2,3,12,white-6,35/36,6,b,1299,down center,,10,2,2,,,,,,,
FPix_BmI_D2_BLD10_PNL2_RNG1,,10T,M-J-4-09,9036,14,2Td,2TD,4,PR127,,PB-22,J12,4,,,CI-A 016,P31,21,SN122498/0051,15,30201210004633,B,0x7d,0x11,-z down left 3,2,-z down left 2,3,13,white-6,11/12,7,t,1300,down center,,10,2,2,,,,,,,
FPix_BmI_D2_BLD11_PNL2_RNG1,,11T,M-J-4-10,9008,13,2Td,2TD,2,PR127,,PB-22,J12,4,,,CI-A 016,P31,22,SN122498/0081,15,30201210004633,B,0x7d,0x11,-z down left 3,1,-z down left 2,3,14,white-6,35/36,7,b,1300,down center,,10,2,2,,,,,,,
FPix_BmI_D2_BLD1_PNL1_RNG1,,1B,M-K-1-48,9043,10,2Ba,2BA,6,PR028,,PB-33,J11,2,,,CI-A 005,P36,1,SN122498/0045,9,30201210004686,A,0x7b,0x11,-z up left 3,1,-z up left 2,3,1,red-7,13/14,1,t,1294,down center,,9,2,1,,,,,,,
FPix_BmI_D2_BLD2_PNL1_RNG1,,2B,M-K-1-39,9059,11,2Ba,2BA,4,PR028,,PB-33,J11,2,,,CI-A 005,P36,2,SN122498/0041,9,30201210004686,A,0x7b,0x11,-z up left 3,2,-z up left 2,3,2,red-7,37/38,1,b,1294,down center,,9,2,1,,,,,,,
FPix_BmI_D2_BLD3_PNL1_RNG1,,3B,M-K-1-34,9021,12,2Ba,2BA,2,PR028,,PB-33,J11,2,,,CI-A 005,P36,3,SN122498/0046,9,30201210004686,A,0x7b,0x11,-z up left 3,3,-z up left 2,3,3,red-7,13/14,2,t,1295,down center,,9,2,1,,,,,,,
FPix_BmI_D2_BLD4_PNL1_RNG1,,4B,M-K-1-32,9024,10,2Bb,2BB,6,PR016,,PB-47,J11,2,,,CI-A 004,FP22,5,SN122498/0028,9,30201210004686,B,0x7c,0x11,-z up left 4,1,-z up left 2,3,5,gray-5,9/10,3,t,1296,down center,,9,2,2,,,,,,,
FPix_BmI_D2_BLD5_PNL1_RNG1,,5B,M-K-1-30,9025,11,2Bb,2BB,2,PR016,,PB-47,J11,2,,,CI-A 004,FP22,7,SN122498/0044,9,30201210004686,B,0x7c,0x11,-z up left 4,3,-z up left 2,3,7,gray-5,9/10,4,t,1297,down center,,9,2,2,,,,,,,
FPix_BmI_D2_BLD6_PNL1_RNG1,,6B,M-K-1-24,9026,0,2Bc,2BC,6,PR030,,PB-14,J11,2,,,CI-A 009,P38,12,SN122498/0035,15,30201210004633,A,0x7e,0x11,-z down left 4,4,-z down left 2,3,8,red-7,37/38,4,b,1297,down center,,10,2,1,,,,,,,
FPix_BmI_D2_BLD7_PNL1_RNG1,,7B,M-K-1-21,9027,12,2Bc,2BC,4,PR030,,PB-14,J11,2,,,CI-A 009,P38,13,SN122498/0039,15,30201210004633,A,0x7e,0x11,-z down left 4,3,-z down left 2,3,9,red-7,13/14,5,t,1298,down center,,10,2,1,,,,,,,
FPix_BmI_D2_BLD8_PNL1_RNG1,,8B,M-K-1-18,9006,1,2Bc,2BC,2,PR030,,PB-14,J11,2,,,CI-A 009,P38,18,SN122498/0027,15,30201210004633,A,0x7e,0x11,-z down left 4,2,-z down left 2,3,10,red-7,37/38,5,b,1298,down center,,10,2,1,,,,,,,
FPix_BmI_D2_BLD9_PNL1_RNG1,,9B,M-K-1-11,9004,10,2Bd,2BD,6,PR027,,PB-22,J11,2,,,CI-A 016,FP20,20,SN122498/0052,15,30201210004633,B,0x7d,0x11,-z down left 3,3,-z down left 2,3,12,gray-5,33/34,6,b,1299,down center,,10,2,2,,,,,,,
FPix_BmI_D2_BLD10_PNL1_RNG1,,10B,M-J-4-21,9010,11,2Bd,2BD,4,PR027,,PB-22,J11,2,,,CI-A 016,FP20,21,SN122498/0051,15,30201210004633,B,0x7d,0x11,-z down left 3,2,-z down left 2,3,13,gray-5,9/10,7,t,1300,down center,,10,2,2,,,,,,,
FPix_BmI_D2_BLD11_PNL1_RNG1,,11B,M-J-4-18,9012,12,2Bd,2BD,2,PR027,,PB-22,J11,2,,,CI-A 016,FP20,22,SN122498/0081,15,30201210004633,B,0x7d,0x11,-z down left 3,1,-z down left 2,3,14,gray-5,33/34,7,b,1300,down center,,10,2,2,,,,,,,
FPix_BmI_D2_BLD1_PNL2_RNG2,HC1-Disk2-Outer,1T,M-L-4-07,6118,9,2Ta,2TA,7,PR128,,PB-33,J12,3,,,CI-A 005,FP23,1,SN122498/0045,9,30201210004686,A,0x7b,0x11,-z up left 3,1,-z up left 2,3,1,white-6,11/12,1,t,1294,down center,,9,2,1,BmI,,,,,,
FPix_BmI_D2_BLD2_PNL2_RNG2,,2T,M-Y-T-NP,6120,8,2Ta,2TA,5,PR128,,PB-33,J12,3,,,CI-A 005,FP23,2,SN122498/0041,9,30201210004686,A,0x7b,0x11,-z up left 3,2,-z up left 2,3,2,white-6,35/36,1,b,1294,down center,,9,2,1,,,,,,,
FPix_BmI_D2_BLD3_PNL2_RNG2,,3T,M-I-3-01,6103,7,2Ta,2TA,3,PR128,,PB-33,J12,3,,,CI-A 005,FP23,3,SN122498/0046,9,30201210004686,A,0x7b,0x11,-z up left 3,3,-z up left 2,3,3,white-6,11/12,2,t,1295,down center,,9,2,1,,,,,,,
FPix_BmI_D2_BLD4_PNL2_RNG2,,4T,M-J-1-10,6101,6,2Ta,2TA,1,PR128,,PB-33,J12,3,,,CI-A 005,FP23,4,SN122498/0047,9,30201210004686,A,0x7b,0x11,-z up left 3,4,-z up left 2,3,4,white-6,35/36,2,b,1295,down center,,9,2,1,,,,,,,
FPix_BmI_D2_BLD5_PNL2_RNG2,,5T,M-L-3-10,6016,13,2Tb,2TB,7,PR116,,PB-47,J12,3,,,CI-A 004,P37,4,SN122498/0047,9,30201210004686,B,0x7c,0x11,-z up left 3,4,-z up left 2,3,4,black-8,39/40,2,b,1295,down center,,9,2,2,,,,,,,
FPix_BmI_D2_BLD6_PNL2_RNG2,,6T,M-O-3-35,6028,12,2Tb,2TB,5,PR116,,PB-47,J12,3,,,CI-A 004,P37,5,SN122498/0028,9,30201210004686,B,0x7c,0x11,-z up left 4,1,-z up left 2,3,5,black-8,15/16,3,t,1296,down center,,9,2,2,,,,,,,
FPix_BmI_D2_BLD7_PNL2_RNG2,,7T,M-K-3-28,6034,9,2Tb,2TB,4,PR116,,PB-47,J12,4,,,CI-A 004,P37,6,SN122498/0043,9,30201210004686,B,0x7c,0x11,-z up left 4,2,-z up left 2,3,6,white-6,35/36,3,b,1296,down center,,9,2,2,,,,,,,
FPix_BmI_D2_BLD8_PNL2_RNG2,,8T,M-Y-I-NC,6177,8,2Tb,2TB,3,PR116,,PB-47,J12,3,,,CI-A 004,P37,6,SN122498/0043,9,30201210004686,B,0x7c,0x11,-z up left 4,2,-z up left 2,3,6,black-8,39/40,3,b,1296,down center,,9,2,2,,,,,,,
FPix_BmI_D2_BLD9_PNL2_RNG2,,9T,M-P-2-23,6188,7,2Tb,2TB,1,PR116,,PB-47,J12,3,,,CI-A 004,P37,7,SN122498/0044,9,30201210004686,B,0x7c,0x11,-z up left 4,3,-z up left 2,3,7,black-8,15/16,4,t,1297,down center,,9,2,2,,,,,,,
FPix_BmI_D2_BLD10_PNL2_RNG2,,10T,M-N-3-26,6098,9,2Tc,2TC,7,PR130,,PB-14,J12,3,,,CI-A 009,FP21,12,SN122498/0035,15,30201210004633,A,0x7e,0x11,-z down left 4,4,-z down left 2,3,8,white-6,35/36,4,b,1297,down center,,10,2,1,,,,,,,
FPix_BmI_D2_BLD11_PNL2_RNG2,,11T,M-L-2-26,6035,8,2Tc,2TC,5,PR130,,PB-14,J12,3,,,CI-A 009,FP21,13,SN122498/0039,15,30201210004633,A,0x7e,0x11,-z down left 4,3,-z down left 2,3,9,white-6,11/12,5,t,1298,down center,,10,2,1,,,,,,,
FPix_BmI_D2_BLD12_PNL2_RNG2,,12T,M-M-2-50,6083,7,2Tc,2TC,3,PR130,,PB-14,J12,3,,,CI-A 009,FP21,18,SN122498/0027,15,30201210004633,A,0x7e,0x11,-z down left 4,2,-z down left 2,3,10,white-6,35/36,5,b,1298,down center,,10,2,1,,,,,,,
FPix_BmI_D2_BLD13_PNL2_RNG2,,13T,M-M-4-41,6080,6,2Tc,2TC,1,PR130,,PB-14,J12,3,,,CI-A 009,FP21,19,SN122498/0048,15,30201210004633,A,0x7e,0x11,-z down left 4,1,-z down left 2,3,11,white-6,11/12,6,t,1299,down center,,10,2,1,,,,,,,
FPix_BmI_D2_BLD14_PNL2_RNG2,,14T,M-M-1-09,6050,9,2Td,2TD,7,PR127,,PB-22,J12,3,,,CI-A 016,P31,19,SN122498/0048,15,30201210004633,B,0x7d,0x11,-z down left 4,1,-z down left 2,3,11,black-8,15/16,6,t,1299,down center,,10,2,2,,,,,,,
FPix_BmI_D2_BLD15_PNL2_RNG2,,15T,M-K-2-08,6005,8,2Td,2TD,5,PR127,,PB-22,J12,3,,,CI-A 016,P31,20,SN122498/0052,15,30201210004633,B,0x7d,0x11,-z down left 3,3,-z down left 2,3,12,black-8,39/40,6,b,1299,down center,,10,2,2,,,,,,,
FPix_BmI_D2_BLD16_PNL2_RNG2,,16T,M-L-4-10,6002,7,2Td,2TD,3,PR127,,PB-22,J12,3,,,CI-A 016,P31,21,SN122498/0051,15,30201210004633,B,0x7d,0x11,-z down left 3,2,-z down left 2,3,13,black-8,15/16,7,t,1300,down center,,10,2,2,,,,,,,
FPix_BmI_D2_BLD17_PNL2_RNG2,,17T,M-L-2-35,6027,6,2Td,2TD,1,PR127,,PB-22,J12,3,,,CI-A 016,P31,22,SN122498/0081,15,30201210004633,B,0x7d,0x11,-z down left 3,1,-z down left 2,3,14,black-8,39/40,7,b,1300,down center,,10,2,2,,,,,,,
FPix_BmI_D2_BLD1_PNL1_RNG2,,1B,M-I-1-15,6108,5,2Ba,2BA,7,PR028,,PB-33,J11,1,,,CI-A 005,P36,1,SN122498/0045,9,30201210004686,A,0x7b,0x11,-z up left 3,1,-z up left 2,3,1,gray-5,9/10,1,t,1294,down center,,9,2,1,,,,,,,
FPix_BmI_D2_BLD2_PNL1_RNG2,,2B,M-J-4-22,6116,4,2Ba,2BA,5,PR028,,PB-33,J11,1,,,CI-A 005,P36,2,SN122498/0041,9,30201210004686,A,0x7b,0x11,-z up left 3,2,-z up left 2,3,2,gray-5,33/34,1,b,1294,down center,,9,2,1,,,,,,,
FPix_BmI_D2_BLD3_PNL1_RNG2,,3B,M-I-1-18,6115,3,2Ba,2BA,3,PR028,,PB-33,J11,1,,,CI-A 005,P36,3,SN122498/0046,9,30201210004686,A,0x7b,0x11,-z up left 3,3,-z up left 2,3,3,gray-5,9/10,2,t,1295,down center,,9,2,1,,,,,,,
FPix_BmI_D2_BLD4_PNL1_RNG2,,4B,M-I-1-05,6114,2,2Ba,2BA,1,PR028,,PB-33,J11,1,,,CI-A 005,P36,4,SN122498/0047,9,30201210004686,A,0x7b,0x11,-z up left 3,4,-z up left 2,3,4,gray-5,33/34,2,b,1295,down center,,9,2,1,,,,,,,
FPix_BmI_D2_BLD5_PNL1_RNG2,,5B,M-N-1-43,6121,6,2Bb,2BB,7,PR016,,PB-47,J11,1,,,CI-A 004,FP22,4,SN122498/0047,9,30201210004686,B,0x7c,0x11,-z up left 3,4,-z up left 2,3,4,red-7,37/38,2,b,1295,down center,,9,2,2,,,,,,,
FPix_BmI_D2_BLD6_PNL1_RNG2,,6B,M-I-3-20,6155,5,2Bb,2BB,5,PR016,,PB-47,J11,1,,,CI-A 004,FP22,5,SN122498/0028,9,30201210004686,B,0x7c,0x11,-z up left 4,1,-z up left 2,3,5,red-7,13/14,3,t,1296,down center,,9,2,2,,,,,,,
FPix_BmI_D2_BLD7_PNL1_RNG2,,7B,M-O-2-13,6111,4,2Bb,2BB,4,PR016,,PB-47,J11,2,,,CI-A 004,FP22,6,SN122498/0043,9,30201210004686,B,0x7c,0x11,-z up left 4,2,-z up left 2,3,6,gray-5,33/34,3,b,1296,down center,,9,2,2,,,,,,,
FPix_BmI_D2_BLD8_PNL1_RNG2,,8B,M-Y-T-NK,6163,3,2Bb,2BB,3,PR016,,PB-47,J11,1,,,CI-A 004,FP22,6,SN122498/0043,9,30201210004686,B,0x7c,0x11,-z up left 4,2,-z up left 2,3,6,red-7,37/38,3,b,1296,down center,,9,2,2,,,,,,,
FPix_BmI_D2_BLD9_PNL1_RNG2,,9B,M-K-1-10,6191,2,2Bb,2BB,1,PR016,,PB-47,J11,1,,,CI-A 004,FP22,7,SN122498/0044,9,30201210004686,B,0x7c,0x11,-z up left 4,3,-z up left 2,3,7,red-7,13/14,4,t,1297,down center,,9,2,2,,,,,,,
FPix_BmI_D2_BLD10_PNL1_RNG2,,10B,M-O-1-09,6198,5,2Bc,2BC,7,PR030,,PB-14,J11,1,,,CI-A 009,P38,12,SN122498/0035,15,30201210004633,A,0x7e,0x11,-z down left 4,4,-z down left 2,3,8,gray-5,33/34,4,b,1297,down center,,10,2,1,,,,,,,
FPix_BmI_D2_BLD11_PNL1_RNG2,,11B,M-Y-H-NM,6104,4,2Bc,2BC,5,PR030,,PB-14,J11,1,,,CI-A 009,P38,13,SN122498/0039,15,30201210004633,A,0x7e,0x11,-z down left 4,3,-z down left 2,3,9,gray-5,9/10,5,t,1298,down center,,10,2,1,,,,,,,
FPix_BmI_D2_BLD12_PNL1_RNG2,,12B,M-N-3-40,6102,3,2Bc,2BC,3,PR030,,PB-14,J11,1,,,CI-A 009,P38,18,SN122498/0027,15,30201210004633,A,0x7e,0x11,-z down left 4,2,-z down left 2,3,10,gray-5,33/34,5,b,1298,down center,,10,2,1,,,,,,,
FPix_BmI_D2_BLD13_PNL1_RNG2,,13B,M-Y-I-NT,6119,2,2Bc,2BC,1,PR030,,PB-14,J11,1,,,CI-A 009,P38,19,SN122498/0048,15,30201210004633,A,0x7e,0x11,-z down left 4,1,-z down left 2,3,11,gray-5,9/10,6,t,1299,down center,,10,2,1,,,,,,,
FPix_BmI_D2_BLD14_PNL1_RNG2,,14B,M-M-2-49,6124,5,2Bd,2BD,7,PR027,,PB-22,J11,1,,,CI-A 016,FP20,19,SN122498/0048,15,30201210004633,B,0x7d,0x11,-z down left 4,1,-z down left 2,3,11,red-7,13/14,6,t,1299,down center,,10,2,2,,,,,,,
FPix_BmI_D2_BLD15_PNL1_RNG2,,15B,M-Y-D-NN,6181,4,2Bd,2BD,5,PR027,,PB-22,J11,1,,,CI-A 016,FP20,20,SN122498/0052,15,30201210004633,B,0x7d,0x11,-z down left 3,3,-z down left 2,3,12,red-7,37/38,6,b,1299,down center,,10,2,2,,,,,,,
FPix_BmI_D2_BLD16_PNL1_RNG2,,16B,M-I-1-31,6192,3,2Bd,2BD,3,PR027,,PB-22,J11,1,,,CI-A 016,FP20,21,SN122498/0051,15,30201210004633,B,0x7d,0x11,-z down left 3,2,-z down left 2,3,13,red-7,13/14,7,t,1300,down center,,10,2,2,,,,,,,
FPix_BmI_D2_BLD17_PNL1_RNG2,,17B,M-M-4-44,6196,2,2Bd,2BD,1,PR027,,PB-22,J11,1,,,CI-A 016,FP20,22,SN122498/0081,15,30201210004633,B,0x7d,0x11,-z down left 3,1,-z down left 2,3,14,red-7,37/38,7,b,1300,down center,,10,2,2,,,,,,,
,,,,,,,,,,,,,,,,,,,,,,,,,,,,,,,,,,,,,,,,,,,,,,
FPix_BmI_D3_BLD1_PNL2_RNG1,HC1-Disk3-Inner,1T,M-B-3-32,9067,15,3Ta,3TA,6,PR131,,PB-34,J12,4,,,CI-A 003,P47,1,SN122498/0045,10,30201210004700,A,0x7b,0x12,-z up left 3,1,-z up left 2,4,1,turquoise-12,23/24,1,t,1294,down center,,9,3,1,BmI,,,,,,
FPix_BmI_D3_BLD2_PNL2_RNG1,,2T,M-B-7-10,9064,14,3Ta,3TA,4,PR131,,PB-34,J12,4,,,CI-A 003,P47,2,SN122498/0041,10,30201210004700,A,0x7b,0x12,-z up left 3,2,-z up left 2,4,2,turquoise-12,47/48,1,b,1294,down center,,9,3,1,,,,,,,
FPix_BmI_D3_BLD3_PNL2_RNG1,,3T,M-G-1-04,9069,13,3Ta,3TA,2,PR131,,PB-34,J12,4,,,CI-A 003,P47,3,SN122498/0046,10,30201210004700,A,0x7b,0x12,-z up left 3,3,-z up left 2,4,3,turquoise-12,23/24,2,t,1295,down center,,9,3,1,,,,,,,
FPix_BmI_D3_BLD4_PNL2_RNG1,,4T,M-G-1-24,9068,15,3Tb,3TB,6,PR118,,PB-51,J12,4,,,CI-A 007,FP19,5,SN122498/0028,10,30201210004700,B,0x7c,0x12,-z up left 4,1,-z up left 2,4,5,violet-10,19/20,3,t,1296,down center,,9,3,2,,,,,,,
FPix_BmI_D3_BLD5_PNL2_RNG1,,5T,M-G-1-28,9040,14,3Tb,3TB,2,PR118,,PB-51,J12,4,,,CI-A 007,FP19,7,SN122498/0044,10,30201210004700,B,0x7c,0x12,-z up left 4,3,-z up left 2,4,7,violet-10,19/20,4,t,1297,down center,,9,3,2,,,,,,,
FPix_BmI_D3_BLD6_PNL2_RNG1,,6T,M-G-1-31,9041,15,3Tc,3TC,6,PR119,,PB-9,J12,4,,,CI-A 018,P48,12,SN122498/0035,16,30201210004688,A,0x7e,0x12,-z down left 4,4,-z down left 2,4,8,turquoise-12,47/48,4,b,1297,down center,,9,4,1,,,,,,,
FPix_BmI_D3_BLD7_PNL2_RNG1,,7T,M-G-1-49,9042,14,3Tc,3TC,4,PR119,,PB-9,J12,4,,,CI-A 018,P48,13,SN122498/0039,16,30201210004688,A,0x7e,0x12,-z down left 4,3,-z down left 2,4,9,turquoise-12,23/24,5,t,1298,down center,,9,4,1,,,,,,,
FPix_BmI_D3_BLD8_PNL2_RNG1,,8T,M-G-2-01,9044,13,3Tc,3TC,2,PR119,,PB-9,J12,4,,,CI-A 018,P48,18,SN122498/0027,16,30201210004688,A,0x7e,0x12,-z down left 4,2,-z down left 2,4,10,turquoise-12,47/48,5,b,1298,down center,,9,4,1,,,,,,,
FPix_BmI_D3_BLD9_PNL2_RNG1,,9T,M-G-2-02,9045,15,3Td,3TD,6,PR129,,PB-40,J12,4,,,CI-A 010,P50,20,SN122498/0052,16,30201210004688,B,0x7d,0x12,-z down left 3,3,-z down left 2,4,12,violet-10,43/44,6,b,1299,down center,,9,4,2,,,,,,,
FPix_BmI_D3_BLD10_PNL2_RNG1,,10T,M-G-2-29,9047,14,3Td,3TD,4,PR129,,PB-40,J12,4,,,CI-A 010,P50,21,SN122498/0051,16,30201210004688,B,0x7d,0x12,-z down left 3,2,-z down left 2,4,13,violet-10,19/20,7,t,1300,down center,,9,4,2,,,,,,,
FPix_BmI_D3_BLD11_PNL2_RNG1,,11T,M-G-2-30,9049,13,3Td,3TD,2,PR129,,PB-40,J12,4,,,CI-A 010,P50,22,SN122498/0081,16,30201210004688,B,0x7d,0x12,-z down left 3,1,-z down left 2,4,14,violet-10,43/44,7,b,1300,down center,,9,4,2,,,,,,,
FPix_BmI_D3_BLD1_PNL1_RNG1,,1B,M-G-2-43,9060,12,3Ba,3BA,6,PR031,,PB-34,J11,2,,,CI-A 003,P35,1,SN122498/0045,10,30201210004700,A,0x7b,0x12,-z up left 3,1,-z up left 2,4,1,pink-11,21/22,1,t,1294,down center,,9,3,1,,,,,,,
FPix_BmI_D3_BLD2_PNL1_RNG1,,2B,M-G-2-45,9056,11,3Ba,3BA,4,PR031,,PB-34,J11,2,,,CI-A 003,P35,2,SN122498/0041,10,30201210004700,A,0x7b,0x12,-z up left 3,2,-z up left 2,4,2,pink-11,45/46,1,b,1294,down center,,9,3,1,,,,,,,
FPix_BmI_D3_BLD3_PNL1_RNG1,,3B,M-G-2-46,9058,10,3Ba,3BA,2,PR031,,PB-34,J11,2,,,CI-A 003,P35,3,SN122498/0046,10,30201210004700,A,0x7b,0x12,-z up left 3,3,-z up left 2,4,3,pink-11,21/22,2,t,1295,down center,,9,3,1,,,,,,,
FPix_BmI_D3_BLD4_PNL1_RNG1,,4B,M-G-3-03,9046,13,3Bb,3BB,6,PR018,,PB-51,J11,2,,,CI-A 007,P92,5,SN122498/0028,10,30201210004700,B,0x7c,0x12,-z up left 4,1,-z up left 2,4,5,yellow-9,17/18,3,t,1296,down center,,9,3,2,,,,,,,
FPix_BmI_D3_BLD5_PNL1_RNG1,,5B,M-G-3-24,9002,12,3Bb,3BB,2,PR018,,PB-51,J11,2,,,CI-A 007,P92,7,SN122498/0044,10,30201210004700,B,0x7c,0x12,-z up left 4,3,-z up left 2,4,7,yellow-9,17/18,4,t,1297,down center,,9,3,2,,,,,,,
FPix_BmI_D3_BLD6_PNL1_RNG1,,6B,M-G-3-46,9023,12,3Bc,3BC,6,PR019,,PB-9,J11,2,,,CI-A 018,P94,12,SN122498/0035,16,30201210004688,A,0x7e,0x12,-z down left 4,4,-z down left 2,4,8,pink-11,45/46,4,b,1297,down center,,9,4,1,,,,,,,
FPix_BmI_D3_BLD7_PNL1_RNG1,,7B,M-H-1-04,9018,11,3Bc,3BC,4,PR019,,PB-9,J11,2,,,CI-A 018,P94,13,SN122498/0039,16,30201210004688,A,0x7e,0x12,-z down left 4,3,-z down left 2,4,9,pink-11,21/22,5,t,1298,down center,,9,4,1,,,,,,,
FPix_BmI_D3_BLD8_PNL1_RNG1,,8B,M-H-1-16,9007,10,3Bc,3BC,2,PR019,,PB-9,J11,2,,,CI-A 018,P94,18,SN122498/0027,16,30201210004688,A,0x7e,0x12,-z down left 4,2,-z down left 2,4,10,pink-11,45/46,5,b,1298,down center,,9,4,1,,,,,,,
FPix_BmI_D3_BLD9_PNL1_RNG1,,9B,M-H-1-24,9031,12,3Bd,3BD,6,PR029,,PB-40,J11,2,,,CI-A 010,P93,20,SN122498/0052,16,30201210004688,B,0x7d,0x12,-z down left 3,3,-z down left 2,4,12,yellow-9,41/42,6,b,1299,down center,,9,4,2,,,,,,,
FPix_BmI_D3_BLD10_PNL1_RNG1,,10B,M-H-1-25,9013,11,3Bd,3BD,4,PR029,,PB-40,J11,2,,,CI-A 010,P93,21,SN122498/0051,16,30201210004688,B,0x7d,0x12,-z down left 3,2,-z down left 2,4,13,yellow-9,17/18,7,t,1300,down center,,9,4,2,,,,,,,
FPix_BmI_D3_BLD11_PNL1_RNG1,,11B,M-H-1-31,9037,10,3Bd,3BD,2,PR029,,PB-40,J11,2,,,CI-A 010,P93,22,SN122498/0081,16,30201210004688,B,0x7d,0x12,-z down left 3,1,-z down left 2,4,14,yellow-9,41/42,7,b,1300,down center,,9,4,2,,,,,,,
FPix_BmI_D3_BLD1_PNL2_RNG2,HC1-Disk3-Outer,1T,M-L-3-01,7090,9,3Ta,3TA,7,PR131,,PB-34,J12,3,,,CI-A 003,P47,1,SN122498/0045,10,30201210004700,A,0x7b,0x12,-z up left 3,1,-z up left 2,4,1,violet-10,19/20,1,t,1294,down center,,9,3,1,BmI,,,,,,
FPix_BmI_D3_BLD2_PNL2_RNG2,,2T,M-Y-H-NY,7072,8,3Ta,3TA,5,PR131,,PB-34,J12,3,,,CI-A 003,P47,2,SN122498/0041,10,30201210004700,A,0x7b,0x12,-z up left 3,2,-z up left 2,4,2,violet-10,43/44,1,b,1294,down center,,9,3,1,,,,,,,
FPix_BmI_D3_BLD3_PNL2_RNG2,,3T,M-L-3-23,7039,7,3Ta,3TA,3,PR131,,PB-34,J12,3,,,CI-A 003,P47,3,SN122498/0046,10,30201210004700,A,0x7b,0x12,-z up left 3,3,-z up left 2,4,3,violet-10,19/20,2,t,1295,down center,,9,3,1,,,,,,,
FPix_BmI_D3_BLD4_PNL2_RNG2,,4T,M-N-3-50,7035,6,3Ta,3TA,1,PR131,,PB-34,J12,3,,,CI-A 003,P47,4,SN122498/0047,10,30201210004700,A,0x7b,0x12,-z up left 3,4,-z up left 2,4,4,violet-10,43/44,2,b,1295,down center,,9,3,1,,,,,,,
FPix_BmI_D3_BLD5_PNL2_RNG2,,5T,M-M-3-02,7046,11,3Tb,3TB,7,PR118,,PB-51,J12,3,,,CI-A 007,FP19,4,SN122498/0047,10,30201210004700,B,0x7c,0x12,-z up left 3,4,-z up left 2,4,4,turquoise-12,47/48,2,b,1295,down center,,9,3,2,,,,,,,
FPix_BmI_D3_BLD6_PNL2_RNG2,,6T,M-N-3-15,8045,10,3Tb,3TB,5,PR118,,PB-51,J12,3,,,CI-A 007,FP19,5,SN122498/0028,10,30201210004700,B,0x7c,0x12,-z up left 4,1,-z up left 2,4,5,turquoise-12,23/24,3,t,1296,down center,,9,3,2,,,,,,,
FPix_BmI_D3_BLD7_PNL2_RNG2,,7T,M-H-1-27,7059,9,3Tb,3TB,4,PR118,,PB-51,J12,4,,,CI-A 007,FP19,6,SN122498/0043,10,30201210004700,B,0x7c,0x12,-z up left 4,2,-z up left 2,4,6,violet-10,43/44,3,b,1296,down center,,9,3,2,,,,,,,
FPix_BmI_D3_BLD8_PNL2_RNG2,,8T,M-H-2-07,7082,8,3Tb,3TB,3,PR118,,PB-51,J12,3,,,CI-A 007,FP19,6,SN122498/0043,10,30201210004700,B,0x7c,0x12,-z up left 4,2,-z up left 2,4,6,turquoise-12,47/48,3,b,1296,down center,,9,3,2,,,,,,,
FPix_BmI_D3_BLD9_PNL2_RNG2,,9T,M-H-2-27,7079,7,3Tb,3TB,1,PR118,,PB-51,J12,3,,,CI-A 007,FP19,7,SN122498/0044,10,30201210004700,B,0x7c,0x12,-z up left 4,3,-z up left 2,4,7,turquoise-12,23/24,4,t,1297,down center,,9,3,2,,,,,,,
FPix_BmI_D3_BLD10_PNL2_RNG2,,10T,M-H-2-32,7096,9,3Tc,3TC,7,PR119,,PB-9,J12,3,,,CI-A 018,P48,12,SN122498/0035,16,30201210004688,A,0x7e,0x12,-z down left 4,4,-z down left 2,4,8,violet-10,43/44,4,b,1297,down center,,9,4,1,,,,,,,
FPix_BmI_D3_BLD11_PNL2_RNG2,,11T,M-I-3-25,8047,8,3Tc,3TC,5,PR119,,PB-9,J12,3,,,CI-A 018,P48,13,SN122498/0039,16,30201210004688,A,0x7e,0x12,-z down left 4,3,-z down left 2,4,9,violet-10,19/20,5,t,1298,down center,,9,4,1,,,,,,,
FPix_BmI_D3_BLD12_PNL2_RNG2,,12T,M-J-3-47,7083,7,3Tc,3TC,3,PR119,,PB-9,J12,3,,,CI-A 018,P48,18,SN122498/0027,16,30201210004688,A,0x7e,0x12,-z down left 4,2,-z down left 2,4,10,violet-10,43/44,5,b,1298,down center,,9,4,1,,,,,,,
FPix_BmI_D3_BLD13_PNL2_RNG2,,13T,M-K-2-34,7047,6,3Tc,3TC,1,PR119,,PB-9,J12,3,,,CI-A 018,P48,19,SN122498/0048,16,30201210004688,A,0x7e,0x12,-z down left 4,1,-z down left 2,4,11,violet-10,19/20,6,t,1299,down center,,9,4,1,,,,,,,
FPix_BmI_D3_BLD14_PNL2_RNG2,,14T,M-I-2-44,7084,9,3Td,3TD,7,PR129,,PB-40,J12,3,,,CI-A 010,P50,19,SN122498/0048,16,30201210004688,B,0x7d,0x12,-z down left 4,1,-z down left 2,4,11,turquoise-12,23/24,6,t,1299,down center,,9,4,2,,,,,,,
FPix_BmI_D3_BLD15_PNL2_RNG2,,15T,M-L-2-11,7076,8,3Td,3TD,5,PR129,,PB-40,J12,3,,,CI-A 010,P50,20,SN122498/0052,16,30201210004688,B,0x7d,0x12,-z down left 3,3,-z down left 2,4,12,turquoise-12,47/48,6,b,1299,down center,,9,4,2,,,,,,,
FPix_BmI_D3_BLD16_PNL2_RNG2,,16T,M-K-3-18,7080,7,3Td,3TD,3,PR129,,PB-40,J12,3,,,CI-A 010,P50,21,SN122498/0051,16,30201210004688,B,0x7d,0x12,-z down left 3,2,-z down left 2,4,13,turquoise-12,23/24,7,t,1300,down center,,9,4,2,,,,,,,
FPix_BmI_D3_BLD17_PNL2_RNG2,,17T,M-L-3-14,7081,6,3Td,3TD,1,PR129,,PB-40,J12,3,,,CI-A 010,P50,22,SN122498/0081,16,30201210004688,B,0x7d,0x12,-z down left 3,1,-z down left 2,4,14,turquoise-12,47/48,7,b,1300,down center,,9,4,2,,,,,,,
FPix_BmI_D3_BLD1_PNL1_RNG2,,1B,M-I-4-13,7085,5,3Ba,3BA,7,PR031,,PB-34,J11,1,,,CI-A 003,P35,1,SN122498/0045,10,30201210004700,A,0x7b,0x12,-z up left 3,1,-z up left 2,4,1,yellow-9,17/18,1,t,1294,down center,,9,3,1,,,,,,,
FPix_BmI_D3_BLD2_PNL1_RNG2,,2B,M-L-1-14,7089,4,3Ba,3BA,5,PR031,,PB-34,J11,1,,,CI-A 003,P35,2,SN122498/0041,10,30201210004700,A,0x7b,0x12,-z up left 3,2,-z up left 2,4,2,yellow-9,41/42,1,b,1294,down center,,9,3,1,,,,,,,
FPix_BmI_D3_BLD3_PNL1_RNG2,,3B,M-M-3-12,7077,3,3Ba,3BA,3,PR031,,PB-34,J11,1,,,CI-A 003,P35,3,SN122498/0046,10,30201210004700,A,0x7b,0x12,-z up left 3,3,-z up left 2,4,3,yellow-9,17/18,2,t,1295,down center,,9,3,1,,,,,,,
FPix_BmI_D3_BLD4_PNL1_RNG2,,4B,M-K-2-03,9022,2,3Ba,3BA,1,PR031,,PB-34,J11,1,,,CI-A 003,P35,4,SN122498/0047,10,30201210004700,A,0x7b,0x12,-z up left 3,4,-z up left 2,4,4,yellow-9,41/42,2,b,1295,down center,,9,3,1,,,,,,,
FPix_BmI_D3_BLD5_PNL1_RNG2,,5B,M-M-3-08,7078,6,3Bb,3BB,7,PR018,,PB-51,J11,1,,,CI-A 007,P92,4,SN122498/0047,10,30201210004700,B,0x7c,0x12,-z up left 3,4,-z up left 2,4,4,pink-11,45/46,2,b,1295,down center,,9,3,2,,,,,,,
FPix_BmI_D3_BLD6_PNL1_RNG2,,6B,M-N-3-04,7098,5,3Bb,3BB,5,PR018,,PB-51,J11,1,,,CI-A 007,P92,5,SN122498/0028,10,30201210004700,B,0x7c,0x12,-z up left 4,1,-z up left 2,4,5,pink-11,21/22,3,t,1296,down center,,9,3,2,,,,,,,
FPix_BmI_D3_BLD7_PNL1_RNG2,,7B,M-M-2-30,7099,4,3Bb,3BB,4,PR018,,PB-51,J11,2,,,CI-A 007,P92,6,SN122498/0043,10,30201210004700,B,0x7c,0x12,-z up left 4,2,-z up left 2,4,6,yellow-9,41/42,3,b,1296,down center,,9,3,2,,,,,,,
FPix_BmI_D3_BLD8_PNL1_RNG2,,8B,M-M-4-43,7092,3,3Bb,3BB,3,PR018,,PB-51,J11,1,,,CI-A 007,P92,6,SN122498/0043,10,30201210004700,B,0x7c,0x12,-z up left 4,2,-z up left 2,4,6,pink-11,45/46,3,b,1296,down center,,9,3,2,,,,,,,
FPix_BmI_D3_BLD9_PNL1_RNG2,,9B,M-N-3-38,7055,2,3Bb,3BB,1,PR018,,PB-51,J11,1,,,CI-A 007,P92,7,SN122498/0044,10,30201210004700,B,0x7c,0x12,-z up left 4,3,-z up left 2,4,7,pink-11,21/22,4,t,1297,down center,,9,3,2,,,,,,,
FPix_BmI_D3_BLD10_PNL1_RNG2,,10B,M-M-3-16,7086,5,3Bc,3BC,7,PR019,,PB-9,J11,1,,,CI-A 018,P94,12,SN122498/0035,16,30201210004688,A,0x7e,0x12,-z down left 4,4,-z down left 2,4,8,yellow-9,41/42,4,b,1297,down center,,9,4,1,,,,,,,
FPix_BmI_D3_BLD11_PNL1_RNG2,,11B,M-N-3-27,7097,4,3Bc,3BC,5,PR019,,PB-9,J11,1,,,CI-A 018,P94,13,SN122498/0039,16,30201210004688,A,0x7e,0x12,-z down left 4,3,-z down left 2,4,9,yellow-9,17/18,5,t,1298,down center,,9,4,1,,,,,,,
FPix_BmI_D3_BLD12_PNL1_RNG2,,12B,M-Y-J-NX,8000,3,3Bc,3BC,3,PR019,,PB-9,J11,1,,,CI-A 018,P94,18,SN122498/0027,16,30201210004688,A,0x7e,0x12,-z down left 4,2,-z down left 2,4,10,yellow-9,41/42,5,b,1298,down center,,9,4,1,,,,,,,
FPix_BmI_D3_BLD13_PNL1_RNG2,,13B,M-Y-H-NW,7094,2,3Bc,3BC,1,PR019,,PB-9,J11,1,,,CI-A 018,P94,19,SN122498/0048,16,30201210004688,A,0x7e,0x12,-z down left 4,1,-z down left 2,4,11,yellow-9,17/18,6,t,1299,down center,,9,4,1,,,,,,,
FPix_BmI_D3_BLD14_PNL1_RNG2,,14B,M-N-2-34,7093,5,3Bd,3BD,7,PR029,,PB-40,J11,1,,,CI-A 010,P93,19,SN122498/0048,16,30201210004688,B,0x7d,0x12,-z down left 4,1,-z down left 2,4,11,pink-11,21/22,6,t,1299,down center,,9,4,2,,,,,,,
FPix_BmI_D3_BLD15_PNL1_RNG2,,15B,M-Y-P-NE,7091,4,3Bd,3BD,5,PR029,,PB-40,J11,1,,,CI-A 010,P93,20,SN122498/0052,16,30201210004688,B,0x7d,0x12,-z down left 3,3,-z down left 2,4,12,pink-11,45/46,6,b,1299,down center,,9,4,2,,,,,,,
FPix_BmI_D3_BLD16_PNL1_RNG2,,16B,M-Y-H-NP,7088,3,3Bd,3BD,3,PR029,,PB-40,J11,1,,,CI-A 010,P93,21,SN122498/0051,16,30201210004688,B,0x7d,0x12,-z down left 3,2,-z down left 2,4,13,pink-11,21/22,7,t,1300,down center,,9,4,2,,,,,,,
FPix_BmI_D3_BLD17_PNL1_RNG2,,17B,M-Y-K-NA,7087,2,3Bd,3BD,1,PR029,,PB-40,J11,1,,,CI-A 010,P93,22,SN122498/0081,16,30201210004688,B,0x7d,0x12,-z down left 3,1,-z down left 2,4,14,pink-11,45/46,7,b,1300,down center,,9,4,2,,,,,,,
,,,,,,,,,,,,,,,,Filterboard auxilary power,,,,,CCU DOH QR,,board,,,,,,,,,,,,,,,,,,,,,,,
,,,,,,,,,,,,,,,,CI-B 008,,,,17,30201210004685,,03 (v1),,CCU+tFEC,,-z up left 1,1,,,,,,,,,,,,,,,,,,